:020000040800F2
:1000000000500020FD1D0008CD1C0008D31C000876
:10001000D91C0008DF1C0008E51C000800000000D7
:10002000000000000000000000000000EB1C0008C1
:10003000F71C000800000000031D00080F1D000849
:10004000451E0008451E0008451E0008451E000804
:10005000451E0008451E0008451E0008451E0008F4
:10006000451E0008451E0008451E0008451E0008E4
:10007000451E0008451E0008451E0008451E0008D4
:10008000451E0008451E0008451E0008451E0008C4
:10009000451E0008451E0008451E0008451E0008B4
:1000A000451E0008451E0008451E0008451E0008A4
:1000B000451E00081D1D0008311D0008451E0008D2
:1000C000451E0008451E0008451E0008451E000884
:1000D0004D1D0008611D0008451E0008451E000852
:1000E000751D0008451E0008451E000800000000A0
:1000F0000000000000000000000000000000000000
:0C01000000000000000000005FF808F1A3
:1001100010B5054C237833B9044B13B10448AFF341
:1001200000800123237010BD80000020000000002B
:10013000708D000808B5034B1BB103490348AFF3AA
:10014000008008BD0000000084000020708D0008C1
:10015000034613F8012B002AFBD1181A0138704707
:1001600081F0004102E000BF83F0004330B54FEA68
:1001700041044FEA430594EA050F08BF90EA020FD5
:100180001FBF54EA000C55EA020C7FEA645C7FEA68
:10019000655C00F0E2804FEA5454D4EB5555B8BF8B
:1001A0006D420CDD2C4480EA020281EA030382EAFC
:1001B000000083EA010180EA020281EA0303362D8E
:1001C00088BF30BD11F0004F4FEA01314FF4801C61
:1001D0004CEA113102D0404261EB410113F0004F73
:1001E0004FEA03334CEA133302D0524263EB43032A
:1001F00094EA050F00F0A780A4F10104D5F1200EC8
:100200000DDB02FA0EFC22FA05F2801841F1000122
:1002100003FA0EF2801843FA05F359410EE0A5F1F6
:1002200020050EF1200E012A03FA0EFC28BF4CF027
:10023000020C43FA05F3C01851EBE37101F00045DD
:1002400007D54FF0000EDCF1000C7EEB00006EEBEA
:100250000101B1F5801F1BD3B1F5001F0CD3490874
:100260005FEA30004FEA3C0C04F101044FEA4452CB
:1002700012F5800F80F09A80BCF1004F08BF5FEA52
:10028000500C50F1000041EB045141EA050130BD32
:100290005FEA4C0C404141EB0101013C28BFB1F544
:1002A000801FE9D291F0000F04BF01460020B1FA8F
:1002B00081F308BF2033A3F10B03B3F120020CDA62
:1002C0000C3208DD02F1140CC2F10C0201FA0CF040
:1002D00021FA02F10CE002F11402D8BFC2F1200CA5
:1002E00001FA02F120FA0CFCDCBF41EA0C0190405B
:1002F000E41AA2BF01EB0451294330BD6FEA0404A4
:100300001F3C1CDA0C340EDC04F11404C4F120028E
:1003100020FA04F001FA02F340EA030021FA04F3A0
:1003200045EA030130BDC4F10C04C4F1200220FAF7
:1003300002F001FA04F340EA0300294630BD21FA35
:1003400004F0294630BD94F0000F83F4801306BFFB
:1003500081F480110134013D4EE77FEA645C18BFEF
:100360007FEA655C29D094EA050F08BF90EA020F86
:1003700005D054EA000C04BF1946104630BD91EA7E
:10038000030F1EBF0021002030BD5FEA545C05D181
:100390004000494128BF41F0004130BD14F58004C0
:1003A0003CBF01F5801130BD01F0004545F0FE4134
:1003B00041F470014FF0000030BD7FEA645C1ABF69
:1003C000194610467FEA655C1CBF0B46024650EAA0
:1003D000013406BF52EA033591EA030F41F40021CC
:1003E00030BD00BF90F0000F04BF0021704730B552
:1003F0004FF4806404F132044FF000054FF0000127
:1004000050E700BF90F0000F04BF0021704730B5E7
:100410004FF4806404F1320410F0004548BF4042BC
:100420004FF000013EE700BF42004FEAE2014FEA11
:1004300031014FEA02701FBF12F07F4393F07F4FEC
:1004400081F06051704732F07F4208BF704793F0EF
:100450007F4F04BF41F40021704730B54FF4607402
:1004600001F0004521F000411CE700BF50EA010205
:1004700008BF704730B54FF000050AE050EA0102AE
:1004800008BF704730B511F0004502D5404261EB1E
:1004900041014FF4806404F132045FEA915C3FF45F
:1004A000D8AE4FF003025FEADC0C18BF03325FEAFC
:1004B000DC0C18BF033202EBDC02C2F1200300FAAD
:1004C00003FC20FA02F001FA03FE40EA0E0021FAD2
:1004D00002F11444BDE600BF70B54FF0FF0C4CF4C0
:1004E000E06C1CEA11541DBF1CEA135594EA0C0F72
:1004F00095EA0C0F00F0DEF82C4481EA030621EAAD
:100500004C5123EA4C5350EA013518BF52EA0335E7
:1005100041F4801143F4801338D0A0FB02CE4FF099
:100520000005E1FB02E506F00042E0FB03E54FF0C9
:100530000006E1FB03569CF0000F18BF4EF0010EC1
:10054000A4F1FF04B6F5007F64F5407404D25FEABD
:100550004E0E6D4146EB060642EAC62141EA555170
:100560004FEAC52040EA5E504FEACE2EB4F1FD0CB2
:1005700088BFBCF5E06F1ED8BEF1004F08BF5FEA30
:10058000500E50F1000041EB045170BD06F00046E2
:1005900046EA010140EA020081EA0301B4EB5C048F
:1005A000C2BFD4EB0C0541EA045170BD41F4801187
:1005B0004FF0000E013C00F3AB8014F1360FDEBFAC
:1005C000002001F0004170BDC4F10004203C35DA88
:1005D0000C341BDC04F11404C4F1200500FA05F30B
:1005E00020FA04F001FA05F240EA020001F00042AC
:1005F00021F0004110EBD37021FA04F642EB060122
:100600005EEA430E08BF20EAD37070BDC4F10C044B
:10061000C4F1200500FA04F320FA05F001FA04F20F
:1006200040EA020001F0004110EBD37041F10001FB
:100630005EEA430E08BF20EAD37070BDC4F1200506
:1006400000FA05F24EEA020E20FA04F301FA05F26E
:1006500043EA020321FA04F001F0004121FA04F216
:1006600020EA020000EBD3705EEA430E08BF20EAE6
:10067000D37070BD94F0000F0FD101F00046400020
:1006800041EB010111F4801F08BF013CF7D041EAA2
:10069000060195F0000F18BF704703F000465200A6
:1006A00043EB030313F4801F08BF013DF7D043EA77
:1006B0000603704794EA0C0F0CEA135518BF95EA2D
:1006C0000C0F0CD050EA410618BF52EA4306D1D1B4
:1006D00081EA030101F000414FF0000070BD50EAD3
:1006E000410606BF1046194652EA430619D094EA5D
:1006F0000C0F02D150EA013613D195EA0C0F05D147
:1007000052EA03361CBF104619460AD181EA03019A
:1007100001F0004141F0FE4141F470014FF0000052
:1007200070BD41F0FE4141F4780170BD70B54FF0ED
:10073000FF0C4CF4E06C1CEA11541DBF1CEA13556D
:1007400094EA0C0F95EA0C0F00F0A7F8A4EB05044F
:1007500081EA030E52EA03354FEA013100F0888046
:100760004FEA03334FF0805545EA131343EA12630F
:100770004FEA022245EA111545EA10654FEA0026C4
:100780000EF000419D4208BF964244F1FD0404F57D
:10079000407402D25B084FEA3202B61A65EB0305D9
:1007A0005B084FEA32024FF480104FF4002CB6EB96
:1007B000020E75EB030E22BFB61A754640EA0C0016
:1007C0005B084FEA3202B6EB020E75EB030E22BF56
:1007D000B61A754640EA5C005B084FEA3202B6EB97
:1007E000020E75EB030E22BFB61A754640EA9C0056
:1007F0005B084FEA3202B6EB020E75EB030E22BF26
:10080000B61A754640EADC0055EA060E18D04FEAE3
:10081000051545EA16754FEA06164FEAC30343EA83
:1008200052734FEAC2025FEA1C1CC0D111F4801F50
:100830000BD141EA00014FF000004FF0004CB6E749
:1008400011F4801F04BF01430020B4F1FD0C88BFE8
:10085000BCF5E06F3FF6AFAEB5EB030C04BFB6EBF3
:10086000020C5FEA500C50F1000041EB045170BDE6
:100870000EF0004E4EEA113114EB5C04C2BFD4EB13
:100880000C0541EA045170BD41F480114FF0000E97
:10089000013C90E645EA060E8DE60CEA135594EA13
:1008A0000C0F08BF95EA0C0F3FF43BAF94EA0C0F16
:1008B0000AD150EA01347FF434AF95EA0C0F7FF48B
:1008C00025AF104619462CE795EA0C0F06D152EADF
:1008D00003353FF4FDAE1046194622E750EA4106C3
:1008E00018BF52EA43067FF4C5AE50EA41047FF4D4
:1008F0000DAF52EA43057FF4EBAE12E74A0011D286
:1009000012F5001211D20DD56FF47873B3EB625269
:100910000ED44FEAC12343F0004343EA505323FA75
:1009200002F070474FF00000704750EA013002D1EA
:100930004FF0FF3070474FF00000704780B5B0B007
:1009400004AFF860B9607A603B60D24B00221A7045
:100950000023C7F88C300023C7F888300023C7F87D
:10096000AC300023C7F8A8300FE0D7F8A8309B00C0
:10097000FA6813441B68D7F8AC201344C7F8AC30AE
:10098000D7F8A8300133C7F8A830D7F8A820BB683B
:100990009A42EADBBB68D7F8AC20B2FBF3F3C7F8A6
:1009A000AC300023C7F8A83013E0D7F8A8309B007C
:1009B000FA6813441B68D7F8AC20D31A1946B64A14
:1009C000D7F8A83042F82310D7F8A8300133C7F879
:1009D000A830D7F8A820BB689A42E6DB0023C7F806
:1009E000A83028E0AC4AD7F8A83052F82320D7F82E
:1009F000A8300133A84951F823301A44D7F8A83059
:100A00000233A54951F823301A44D7F8A8300333EC
:100A1000A14951F823301344002B00DA03339B1013
:100A200019469D4AD7F8A83042F82310D7F8A830C5
:100A30000133C7F8A830D7F8A8305F2BD2DD0023E8
:100A4000C7F89C300023C7F8A8300EE0924AD7F8C8
:100A5000A83052F82330D7F89C201344C7F89C30B4
:100A6000D7F8A8300133C7F8A830D7F8A830632BDF
:100A7000ECDDD7F89C30894A82FB03125211DB1758
:100A8000D31AC7F89C30D7F89C301D2B02DC1E23EC
:100A9000C7F89C30D7F89C303C2B02DD3C23C7F8CC
:100AA0009C300023C7F8A8300CE0D7F8A8309B0092
:100AB000B0333B44002243F8882CD7F8A8300133E8
:100AC000C7F8A830D7F8A8300E2BEEDD07F1640187
:100AD00007F128000F23029304230193D7F89C30D9
:100AE000009364236C4A00F03DFA0023C7F8983065
:100AF0007B6E012B38DD0123C7F8A83019E0D7F849
:100B0000A8309B00B0333B4453F8882CD7F8A8306A
:100B1000013B9B00B0333B4453F8883CD31AD7F8D1
:100B200098201344C7F89830D7F8A8300133C7F895
:100B3000A8307B6ED7F8A8209A42E0DB7B6E013BA1
:100B4000D7F8982092FBF3F3C7F8983040F2DC52C4
:100B5000D7F8983092FBF3F2D7F8BC301A60D7F888
:100B6000C03001221A7007E0D7F8BC304C4A1A6036
:100B7000D7F8C03000221A700023C7F8A8301CE054
:100B8000D7F8A8309B00FA6813441B681946424AFC
:100B9000D7F8A83042F82310D7F8A8309B007A681D
:100BA00013441B6819463F4AD7F8A83042F823106F
:100BB000D7F8A8300133C7F8A830D7F8A820BB6809
:100BC0009A42DDDB7B6EC7F880300023C7F88430A3
:100BD0000023C7F8A4300023C7F8A8300CE0D7F8EA
:100BE000A8309B00B0333B44002243F89C2CD7F83C
:100BF000A8300133C7F8A830D7F8A830042BEEDDB1
:100C00000023C7F8A83015E0D7F8A8309B00B03310
:100C10003B4453F8883C642B07DD3B68204A1A604C
:100C2000D7F8B83000221A708FE1D7F8A830013316
:100C3000C7F8A830D7F8A820D7F880309A42E3DB6D
:100C40000023C7F8A8302CE14FF07F43C7F8943059
:100C50004FF07F43C7F89030D7F8A83001339B009E
:100C6000B0333B4453F8882CD7F8A8309B00B033FE
:100C70003B4453F8883CD31A032B40F30D81D7F83B
:100C8000A8309B00B0333B4453F8883CC7F8A030F1
:100C900037E000BF000000209C0000201F85EB51C2
:100CA00019FCFFFF2C020020A94AD7F8A03052F807
:100CB0002330D7F890209A420ADAA54AD7F8A03014
:100CC00052F82330C7F89030D7F8A030C7F88830F2
:100CD000A04AD7F8A03052F82330D7F894209A428F
:100CE0000ADA9C4AD7F8A03052F82330C7F894307B
:100CF000D7F8A030C7F88C30D7F8A0300133C7F848
:100D0000A030D7F8A83001339B00B0333B4453F8F0
:100D1000883CD7F8A0209A42C6DBD7F8A830013328
:100D20009B00B0333B4453F8883C8A4A52F8232056
:100D3000D7F8A8309B00B0333B4453F8883C854932
:100D400051F82330D21AD7F8A8309B00B0333B4477
:100D500053F8883CD7F88C10CB1A02FB03F37B675F
:100D6000D7F8A8309B00B0333B4453F8883C794A0D
:100D700052F82320D7F8A83001339B00B0333B440E
:100D800053F8881CD7F8A8309B00B0333B4453F885
:100D9000883CCB1A796F91FBF3F313447B676D4A60
:100DA000D7F88C3052F823207B6FD31A7B67D7F8A3
:100DB000A83001339B00B0333B4453F8883C644A6D
:100DC00052F82320D7F8A8309B00B0333B4453F8A7
:100DD000883C5F4951F82330D21AD7F8A8309B00DD
:100DE000B0333B4453F8883CD7F88810CB1A02FB49
:100DF00003F33B67D7F8A8309B00B0333B4453F86C
:100E0000883C534A52F82320D7F8A83001339B007E
:100E1000B0333B4453F8881CD7F8A8309B00B0335C
:100E20003B4453F8883CCB1A396F91FBF3F31344DE
:100E30003B67474AD7F88C3052F823203B6FD31AD0
:100E40003B677B6FD7F8902002FB03F3DB11FB6657
:100E50003B6FD7F8942002FB03F3DB11BB66BB6E3C
:100E6000002B19DDD7F8A430042B15DCFB6E002B0A
:100E700012D0FB6E642203FB02F2BB6E92FBF3F214
:100E8000D7F8A4309B00B0333B4443F89C2CD7F8F0
:100E9000A4300133C7F8A430D7F8A8300133C7F81D
:100EA000A830D7F88030013BD7F8A8209A42FFF647
:100EB000CBAE07F11403D7F8A410184600F046F99A
:100EC000D7F8A430DA0F13445B10FB67FB6F012BDC
:100ED00013DDFB6F013B9B00B0333B4453F89C2C6C
:100EE000FB6F9B00B0333B4453F89C3C1344DA0F38
:100EF00013445B10C7F8843007E0FB6F9B00B033EE
:100F00003B4453F89C3CC7F88430D7F88430022B1C
:100F100011DDD7F88430B72B0DDC0F4AD7F88430B9
:100F200013441B78BB673B68BA6F1A60D7F8B830B8
:100F300001221A7006E03B68084A1A60D7F8B830F8
:100F400000221A70064B01221A70B037BD4680BDD0
:100F50009C0000202C020020E890000819FCFFFFF4
:100F60000000002080B586B002AFF860B9607A60FA
:100F70003B60BB6900933B687A68B968F86800F029
:100F800012F8FB697A68B968F86800F07FF8BB6806
:100F90001A683B6A9A42A8BF1A46BB681A6000BF2B
:100FA0001037BD4680BD80B487B000AFF860B9602F
:100FB0007A603B6001237B61BB6800221A605AE0C3
:100FC0007B699B007A6813441B683A6A9A424FDA3D
:100FD0007B699B007A6813441A687B6903F180433C
:100FE000013B9B0079680B441B689A4240DD01235A
:100FF0003B6102E03B6901333B617A693B69134421
:101000003A689A420DDD7B699B007A6813441A683E
:1010100079693B690B449B0079680B441B689A42D1
:10102000E8D07B699B007A6813441A6879693B6948
:101030000B449B0079680B441B689A4213DDBB6824
:101040001B680E2B0FDCBB681B68591CBA6811604B
:101050009B00FA6813447A691A603B6901337A6924
:1010600013447B6103E07A693B6913447B6102E0CE
:101070007B6901337B613B68013B7A699A429FDB64
:1010800000BF00BF1C37BD4680BC704780B588B02C
:1010900000AFF860B9607A603B60BB681B681A46B5
:1010A000F968786800F094F84FF0FF33FB613EE098
:1010B000BB681B687B61FB695A1CBB681A60FB69D3
:1010C0000133BB612CE0BB699B00FA6813441A68CA
:1010D000FB69B3F1FF3F05D0FB699B00F9680B4446
:1010E0001B6801E04FF0FF33D31A3B613A693B685C
:1010F0009A4204DC3B685B423A699A420DDABB696A
:101100009B00FA681A44BB681B68581CB9680860E1
:101110009B00F9680B4412681A60BB690133BB611C
:10112000BA697B699A42CEDBFB690133FB61BB681C
:101130001B68FA699A42BBDBBB681B681946F868F2
:1011400000F004F800BF2037BD4680BD80B487B0F2
:1011500000AF7860396001237B612FE07B699B00E1
:101160007A6813441B68FB607B693B610FE03B6955
:1011700003F18043013B9B007A681A443B699B0062
:1011800079680B4412681A603B69013B3B613B691B
:10119000002B0ADD3B6903F18043013B9B007A6829
:1011A00013441B68FA689A42E1DB3B699B007A684A
:1011B0001344FA681A607B6901337B617A693B6882
:1011C0009A42CBDB00BF00BF1C37BD4680BC7047D6
:1011D00080B489B000AFF860B9607A600123FB6128
:1011E00037E0FB699B00BA6813441B687B61FB69AD
:1011F000BB610FE0BB6903F18043013B9B00BA6810
:101200001A44BB699B00B9680B4412681A60BB6939
:10121000013BBB61BB69002B12DD7B699B00FA6857
:1012200013441A68BB6903F18043013B9B00B96812
:101230000B441B689B00F9680B441B689A42D9DC7D
:10124000BB699B00BA6813447A691A60FB69013371
:10125000FB61FA697B689A42C3DB00BF00BF243799
:10126000BD4680BC7047000080B582B000AF78609A
:101270007868FFF7C7F84FF000021A4BFFF72CF918
:1012800002460B4610461946FFF738FB03469AB252
:10129000154B1A80154B1B889BB21946144B1B78B3
:1012A0005B001A460223104805F0F8FF104B1B782C
:1012B0000133DAB20E4B1A700D4B1B787F2B09D11C
:1012C0000A4B1B889BB201339AB2084B1A80084B19
:1012D00000221A700421074801F031FE00BF0837D0
:1012E000BD4680BD00005940601000205C10002009
:1012F0005E1000200008014080B584B004AF01F00A
:1013000027FA00F071F800F08FFA00F017F900F0FA
:1013100061FA00F0DDF800F0C1F900F0ABF800F080
:101320000BFA00F03DF906F05FFF234B1B78002B12
:1013300004D0214B00221A7006F08CFD1F4B1B7845
:10134000002BF2D01E4B1B6800225A621B4B00225E
:101350001A701C4800F098FE1A4801F0BDF90346C7
:10136000002BE2D0184A1949164801F0F1F8184B41
:101370001B78002BD9D0174B1968174B0293174BCA
:101380000193174B0093174B0F4A1048FFF7D6FAFB
:10139000134B93F90030002BC7D0124B1B68642B02
:1013A000C3DC104B1B68452BBFDD0E4B1B6818467A
:1013B000FFF75AFFB9E700BFCA100020FC08002061
:1013C00050050020000900206C070020DC050020EB
:1013D0000000002004000020510F0020580F0020C2
:1013E000500F0020540F002080B590B000AF07F1DF
:1013F000180328220021184607F046F83B1D00225A
:101400001A605A609A60DA601A610123BB614FF476
:101410008033FB6100233B620123BB6202237B63B9
:101420004FF48033BB634FF4E013FB6307F1180301
:10143000184602F083FD0346002B01D000F06AFA43
:101440000F237B600223BB600023FB604FF48063AB
:101450003B6100237B613B1D0221184602F0F0FF37
:101460000346002B01D000F055FA00BF4037BD46BF
:1014700080BD000080B500AF124B134A1A60114BBB
:10148000124A5A600F4B00229A600E4B0022DA601B
:101490000C4B4FF480421A610A4B00225A61094BEF
:1014A00000229A61074B0022DA61064B00221A6281
:1014B000044801F075FD0346002B01D000F02AFA24
:1014C00000BF80BDBC03002000540040A086010086
:1014D00080B500AF174B184A1A60164B4FF4827252
:1014E0005A60144B00229A60124B0022DA60114BB2
:1014F00000221A610F4B00225A610E4B4FF400720A
:101500009A610C4B2822DA610A4B00221A62094BBD
:1015100000225A62074B00229A62064B0A22DA62C4
:10152000044803F025F90346002B01D000F0F2F93E
:1015300000BF80BD100400200030014080B500AF26
:10154000154B164A1A60144B00225A60124B0022A7
:101550009A60114B0022DA600F4B00221A610E4B89
:1015600000225A610C4B4FF400729A610A4B002220
:101570001A62094B00225A62074B00229A62064BFC
:101580000A22DA62044803F0F3F80346002B01D084
:1015900000F0C0F900BF80BD6804002000380040A2
:1015A00080B58EB000AF07F1280300221A605A60A0
:1015B0009A60DA6007F1200300221A605A603B1D2E
:1015C00000221A605A609A60DA601A615A619A6160
:1015D000314B4FF080421A602F4B48225A602E4BFD
:1015E00000229A602C4B40F2F512DA602A4B00225E
:1015F0001A61294B00229A61274804F0FBF8034640
:10160000002B01D000F086F94FF48053BB6207F144
:1016100028031946204804F08BFC0346002B01D018
:1016200000F078F91C4804F0B5F90346002B01D00E
:1016300000F070F90821184804F004FA0346002B62
:1016400001D000F067F900233B6200237B6207F1C1
:1016500020031946104805F001F80346002B01D07D
:1016600000F058F960237B600123BB600223FB601C
:1016700000237B613B1D00221946074804F09AFBBA
:101680000346002B01D000F045F9034800F09AFA18
:1016900000BF3837BD4680BDC004002080B586B08D
:1016A00000AF07F1080300221A605A609A60DA60FE
:1016B0003B4600221A605A601D4B1E4A1A601C4BA2
:1016C0004BF680325A601A4B00229A60184B052262
:1016D000DA60174B00221A61154B00229A611448F8
:1016E00004F088F80346002B01D000F013F94FF402
:1016F0008053BB6007F1080319460D4804F018FC3D
:101700000346002B01D000F005F930233B60002395
:101710007B603B461946064804F0A0FF0346002BB9
:1017200001D000F0F7F800BF1837BD4680BD00BFFC
:10173000080500200004004080B586B000AF07F126
:10174000080300221A605A609A60DA603B46002261
:101750001A605A601D4B1E4A1A601C4B4FF43472BB
:101760005A601A4B00229A60184B4FF47A62DA6082
:10177000164B00221A61154B00229A61134804F09F
:1017800039F80346002B01D000F0C4F84FF4805321
:10179000BB6007F1080319460C4804F0C9FB034677
:1017A000002B01D000F0B6F800233B6000237B60E3
:1017B0003B461946054804F051FF0346002B01D073
:1017C00000F0A8F800BF1837BD4680BD50050020C6
:1017D0000008004080B500AF114B124A1A60104B50
:1017E0004FF4E1325A600E4B00229A600C4B0022FB
:1017F000DA600B4B00221A61094B0C225A61084B2C
:1018000000229A61064B0022DA61054804F096FF37
:101810000346002B01D000F07DF800BF80BD00BF63
:10182000980500200038014080B588B000AF07F16E
:10183000100300221A605A609A60DA60314B9B698B
:10184000304A43F0200393612E4B9B6903F0200341
:10185000FB60FB682B4B9B692A4A43F004039361AE
:10186000284B9B6903F00403BB60BB68254B9B6955
:10187000244A43F008039361224B9B6903F0080359
:101880007B607B68002218211F4801F040FB00228A
:1018900008211E4801F03BFB18233B6101237B61BB
:1018A0000023BB610223FB6107F1100319461648B0
:1018B00001F092F94FF480533B61154B7B6100239B
:1018C000BB6107F110031946104801F085F90823A0
:1018D0003B6101237B610023BB610223FB6107F1B4
:1018E00010031946094801F077F900220121282048
:1018F00001F08BF8282001F0A4F800BF2037BD4686
:1019000080BD00BF0010024000080140000C0140F3
:101910000000311080B400AF72B600BFFEE70000D7
:1019200080B485B000AF154B9B69144A43F00103A6
:101930009361124B9B6903F00103BB60BB680F4BC3
:10194000DB690E4A43F08053D3610C4BDB6903F033
:1019500080537B607B680A4B5B68FB60FB6823F00D
:10196000E063FB60FB6843F00073FB60044AFB68C4
:10197000536000BF1437BD4680BC70470010024062
:101980000000014080B588B000AF786007F1100317
:1019900000221A605A609A60DA607B681B68154AF8
:1019A000934223D1144B9B69134A43F0080393617C
:1019B000114B9B6903F00803FB60FB68C0233B618C
:1019C00012237B610323FB6107F1100319460B48C7
:1019D00001F002F9084BDB69074A43F40013D361B5
:1019E000054BDB6903F40013BB60BB6800BF203705
:1019F000BD4680BD0054004000100240000C014074
:101A000080B58AB000AF786007F1180300221A6031
:101A10005A609A60DA607B681B683B4A934230D117
:101A20003A4B9B69394A43F480539361374B9B6926
:101A300003F480537B617B69344B9B69334A43F0E9
:101A400004039361314B9B6903F004033B613B69E1
:101A5000A023BB610223FB6103237B6207F1180310
:101A600019462B4801F0B8F84023BB610023FB6105
:101A700000233B6207F118031946254801F0ACF832
:101A80003EE07B681B68234A934239D11F4BDB69D8
:101A90001E4A43F48043D3611C4BDB6903F480434B
:101AA000FB60FB68194B9B69184A43F0080393617C
:101AB000164B9B6903F00803BB60BB684FF42043DF
:101AC000BB610023FB6100233B6207F11803194649
:101AD000114801F081F84FF48043BB610223FB61A0
:101AE00003237B6207F1180319460B4801F074F8D1
:101AF00000220121242000F088FF242000F0A1FF13
:101B000000BF2837BD4680BD0030014000100240B4
:101B10000008014000380040000C014080B586B04C
:101B200000AF78607B681B68B3F1804F0CD1224B0B
:101B3000DB69214A43F00103D3611F4BDB6903F0EA
:101B400001037B617B6932E07B681B681B4A93421F
:101B500014D1194BDB69184A43F00203D361164BC9
:101B6000DB6903F002033B613B69002200211D2079
:101B700000F04BFF1D2000F064FF18E07B681B683D
:101B80000F4A934213D10C4BDB690B4A43F0040319
:101B9000D361094BDB6903F00403FB60FB6800229F
:101BA00002211E2000F031FF1E2000F04AFF00BF7E
:101BB0001837BD4680BD00BF001002400004004041
:101BC0000008004080B588B000AF786007F11003CE
:101BD00000221A605A609A60DA607B681B68B3F171
:101BE000804F17D10D4B9B690C4A43F0040393615E
:101BF0000A4B9B6903F00403FB60FB6801233B6114
:101C000002237B610223FB6107F11003194604489C
:101C100000F0E2FF00BF2037BD4680BD001002404B
:101C20000008014080B588B000AF786007F110036C
:101C300000221A605A609A60DA607B681B68204A4A
:101C4000934239D11F4B9B691E4A43F480439361F1
:101C50001C4B9B6903F48043FB60FB68194B9B6939
:101C6000184A43F004039361164B9B6903F0040385
:101C7000BB60BB684FF400733B6102237B610323AD
:101C8000FB6107F1100319460F4800F0A5FF4FF460
:101C900080633B6100237B610023BB6107F110037C
:101CA0001946094800F098FF00220221252000F083
:101CB000ACFE252000F0C5FE00BF2037BD4680BD2C
:101CC00000380140001002400008014080B400AF1D
:101CD000FEE780B400AFFEE780B400AFFEE780B45B
:101CE00000AFFEE780B400AFFEE780B400AF00BFF6
:101CF000BD4680BC704780B400AF00BFBD4680BC0D
:101D0000704780B400AF00BFBD4680BC704780B54F
:101D100000AF00F063FD00BF80BD000080B500AFE4
:101D2000024803F03FFF00BF80BD00BF0805002050
:101D300080B500AF034B01221A70034803F032FF55
:101D400000BF80BDFC0800205005002080B500AF1A
:101D5000024803F015FA00BF80BD00BF68040020F0
:101D600080B500AF024804F0C9FD00BF80BD00BFD0
:101D70009805002080B500AF4FF4805001F0F8F8CE
:101D800000BF80BD80B586B000AF7860144A154BA7
:101D9000D31A7B617B693B61134B1B68002B02D11B
:101DA000114B124A1A60104B1A687B6813443A6947
:101DB0009A4207D206F020FB03460C221A604FF02D
:101DC000FF3309E0084B1B68FB60074B1A687B6810
:101DD0001344054A1360FB6818461837BD4680BD9A
:101DE0000050002000040000641000204017002074
:101DF00080B400AF00BFBD4680BC70470C480D49A1
:101E00000D4A002302E0D458C4500433C4188C4255
:101E1000F9D30A4A0A4C002301E013600432A242BB
:101E2000FBD3FFF7E5FF06F0EDFAFFF765FA704721
:101E30000000002080000020F495000880000020B1
:101E400040170020FEE780B582B000AF78603960AF
:101E50007B683A681A607B68002283F84A267B68B0
:101E6000043380220021184606F00EFB7B6803F540
:101E7000497380220021184606F006FB7B68002289
:101E8000A3F846267B680022A3F848267B68002238
:101E900083F84B267B680022A3F844267B68002247
:101EA00083F84C2600BF0837BD4680BD80B588B09A
:101EB00002AFF8607A601A460B46FB7213463B810C
:101EC0003B890133184606F0C1FA03467B617B6902
:101ED000FA7A1A707B68002B09D03B89002B06D058
:101EE0007B6901333A897968184606F0BFFAFB68C6
:101EF00018683B8901339BB24FF47A7200927A6979
:101F0000AE2101F091F9786906F0A8FA00BF183700
:101F1000BD4680BD80B588B002AFF8607A601A46D1
:101F20000B46FB7213463B81FB7AFB75FB68186816
:101F300007F117024FF47A7300930123AE2101F0E9
:101F400073F9FB6818683B894FF47A7200927A68DB
:101F5000AE2101F067FA00BF1837BD4680BD80B5DD
:101F600084B000AF78604023FB7307F10F020123B8
:101F700009217868FFF79AFF00BF1037BD4680BD82
:101F800080B584B000AF78600B46FB700023FB7314
:101F900007F10F02012302217868FFF7BBFFFB7BEB
:101FA00003F07F03DBB2FB73FB78DB015AB2FB7BF0
:101FB0005BB213435BB2DBB2FB7307F10F02012389
:101FC00002217868FFF772FF00BF1037BD4680BD61
:101FD00080B584B000AF78600B46FB700023FB73C4
:101FE00007F10F02012302217868FFF793FFFB7BC3
:101FF00023F02003DBB2FB73FB785B015BB203F0E1
:1020000020035AB2FB7B5BB213435BB2DBB2FB73C0
:1020100007F10F02012302217868FFF747FF00BF95
:102020001037BD4680BD80B584B000AF78600B46E8
:10203000FB70FB785B00DBB203F00203DBB2FB73E7
:1020400007F10F02012303217868FFF72FFF00BF7C
:102050001037BD4680BD80B584B000AF78600B46B8
:10206000FB70FB785B00DBB203F00203DBB2FB73B7
:1020700007F10F02012321217868FFF717FF00BF46
:102080001037BD4680BD000080B584B000AF7860D9
:102090000023BB8107F10C02022300217868FFF7BF
:1020A00039FF3B7B5B09DBB203F00103002B04D05B
:1020B000174B1B680133164A13603B7BDB09DBB20D
:1020C00003F00103002B07D0786800F09BF9114B57
:1020D0001B6801330F4A13607B7B5B08DBB203F0A4
:1020E0000103002B0CD007F10A0207F10B0319467C
:1020F000786800F002FB084B1B680133064A136046
:102100007B68002283F84A2600BF1037BD4680BD99
:1021100070100020681000206C10002080B584B082
:1021200000AF78600B46FB7007F10F020123092115
:102130007868FFF7EFFEFB7B5BB203F07F035AB2D8
:10214000FB78DB015BB213435BB2DBB2FB7307F1DD
:102150000F02012309217868FFF7A8FE00BF10379E
:10216000BD4680BD80B584B000AF78600B46FB7083
:1021700007F10F02012309217868FFF7CBFEFB7BF3
:102180005BB223F007035AB297F9033013435BB2F3
:10219000DBB2FB7307F10F02012309217868FFF717
:1021A00085FE786800F0FAF800BF1037BD4680BDA4
:1021B00080B584B000AF78600B46FB7007F10F026A
:1021C00001230A217868FFF7A5FEFB7B5BB203F0D1
:1021D00063035AB2FB789B005BB213435BB2DBB282
:1021E000FB7307F10F0201230A217868FFF75EFEF7
:1021F00000BF1037BD4680BD80B584B000AF7860A9
:102200000B46FB7007F10F0201230A217868FFF7E4
:1022100081FEFB7B5BB203F07C035AB297F903307B
:1022200013435BB2DBB2FB7307F10F0201230A21F8
:102230007868FFF73BFE00BF1037BD4680BD80B514
:1022400084B000AF78600B46FB7007F10F020123EA
:102250000A217868FFF75EFEFB7B5BB203F01F0389
:102260005AB2FB785B015BB213435BB2DBB2FB7328
:1022700007F10F0201230A217868FFF717FE00BF5C
:102280001037BD4680BD000080B584B000AF7860D7
:1022900039603868FEF7C8F80DA3D3E90023FEF7CC
:1022A00045FA02460B4610461946FEF727FB034641
:1022B000DBB2FB7307F10F0201230C217868FFF7F3
:1022C000F5FD00BF1037BD4680BD00BFAFF30080F5
:1022D0009A9999999999C93F80B584B000AF78606F
:1022E00039603868FEF7A0F80DA3D3E90023FEF7A4
:1022F0001DFA02460B4610461946FEF7FFFA034642
:10230000DBB2FB7307F10F0201230D217868FFF7A1
:10231000CDFD00BF1037BD4680BD00BFAFF30080CC
:102320009A9999999999C93F80B584B000AF78601E
:10233000084611461A460346FB700B46BB7013460F
:102340007B700023FB73FB785B015AB2FB7B5BB2B3
:1023500013435BB2DBB2FB73BB781B015BB203F0D0
:1023600010035AB2FB7B5BB213435BB2DBB2FB736D
:1023700097F9013003F00F035AB2FB7B5BB21343B2
:102380005BB2DBB2FB7307F10F020123082178680F
:10239000FFF78CFD00BF1037BD4680BD80B584B00F
:1023A00000AF78600023FB7307F10F0203230421C1
:1023B0007868FFF77BFD07F10F0203230621786899
:1023C000FFF774FD07F10F02032305217868FFF77B
:1023D0006DFD7B680022A3F846267B680022A3F8E7
:1023E00048267B68002283F84B267B680022A3F8EE
:1023F00044267B68002283F84C2600BF1037BD4678
:1024000080BD000080B588B000AF78600023FB7409
:102410000023BB7407F11302012304217868FFF73E
:1024200079FD07F11202012306217868FFF772FD9A
:10243000FA7CBB7CD31ADBB2FB7797F91F30002BF9
:1024400003DCFB7F2033DBB2FB770023BB7765E047
:1024500007F10C02062307217868FFF75BFD3B7B41
:102460001B041A467B7B1B021343BA7B1343C3F343
:102470001103BB61FB7B1B041A463B7C1B0213430D
:102480007A7C1343C3F311037B617B68B3F8443652
:102490007A689B0013447A695A607B68B3F84436C3
:1024A0007A68C8339B001344BA695A607B68B3F8F2
:1024B00044360133254A82FB03129111DA178A1A36
:1024C000C82101FB02F29A1A92B27B68A3F8442653
:1024D0007B68B3F84636C72B08D87B68B3F8463616
:1024E00001339AB27B68A3F8462611E07B68B3F803
:1024F00048360133154A82FB03129111DA178A1A02
:10250000C82101FB02F29A1A92B27B68A3F848260E
:1025100097F91E30DBB20133DBB2BB7797F91E208F
:1025200097F91F309A4293DB7B68B3F84636182B35
:1025300008D97B6893F84B36002B03D17B680122C6
:1025400083F84B2600BF2037BD4680BD1F85EB5169
:1025500080B489B000AFF860B9607A60FB6893F826
:102560004B36002B00F0AE806423FB74FB68B3F89D
:102570004836FB83FB6893F84C3683F00103DBB2EB
:10258000002B3ED0524B00221A6029E0FB8B504AB0
:1025900012689200B9680A44F9689B000B445B68B2
:1025A0001360FB8B4A4A1268920079680A44F96802
:1025B000C8339B000B445B681360FB8B0133454AB7
:1025C00082FB03129111DA178A1AC82101FB02F269
:1025D0009A1A1346FB833E4B1B6801333C4A136037
:1025E000FA7C3B4B1B689A42D0DC394B1B68622B50
:1025F00052DDFB68012283F84C26354B00221A601D
:102600004AE00023BB6118E0BB6919339B00BA683C
:102610001A44BB699B00B9680B4412681A60BB6915
:1026200019339B007A681A44BB699B0079680B4494
:1026300012681A60BB690133BB61BB694A2BE3DDD9
:102640004B237B6125E0FB8B7A699200B9680A44D1
:10265000F9689B000B445B681360FB8B7A699200FE
:1026600079680A44F968C8339B000B445B681360BF
:10267000FB8B0133174A82FB03129111DA178A1A76
:10268000C82101FB02F29A1A1346FB837B690133CE
:102690007B617B69632BD6DDFB68FA8BA3F8482648
:1026A000FB68B3F84636193B9AB2FB68A3F8462696
:1026B000FB68B3F84636182B05D8FB68002283F870
:1026C0004B2600E000BF2437BD4680BC704700BFEA
:1026D000741000201F85EB5180B483B000AF786088
:1026E0007B6893F84B36012B01D1012300E00023D6
:1026F00018460C37BD4680BC704780B584B000AF2B
:10270000F860B9607A600123BA681F21F868FFF7A2
:1027100001FC01237A682021F868FFF7FBFB00BF6A
:102720001037BD4680BD80B584B000AF786007F13A
:102730000F020123FF217868FFF7ECFBFB7B152BD1
:1027400001D1012300E0002318461037BD4680BDAB
:1027500080B500AF084B1B68074A43F010031360B5
:10276000032000F047F9002000F008F8FFF7D8F840
:102770000023184680BD00BF0020024080B582B013
:1027800000AF7860124B1A68124B1B7819464FF451
:102790007A73B3FBF1F3B2FBF3F3184600F05FF981
:1027A0000346002B01D001230EE07B680F2B0AD8D3
:1027B000002279684FF0FF3000F027F9064A7B6865
:1027C0001360002300E0012318460837BD4680BD92
:1027D00008000020100000200C00002080B400AF92
:1027E000054B1B781A46054B1B681344034A1360BC
:1027F00000BFBD4680BC704710000020781000204C
:1028000080B400AF024B1B681846BD4680BC7047C1
:102810007810002080B584B000AF7860FFF7F0FF3B
:10282000B8607B68FB60FB68B3F1FF3F05D00A4BE3
:102830001B781A46FB681344FB6000BFFFF7E0FFFC
:102840000246BB68D31AFA689A42F7D800BF00BFA5
:102850001037BD4680BD00BF1000002080B485B099
:1028600000AF78607B6803F00703FB600C4BDB680C
:10287000BB60BA684FF6FF031340BB60FB681A02E7
:10288000BB68134343F0BF6343F40033BB60044AA7
:10289000BB68D36000BF1437BD4680BC704700BF23
:1028A00000ED00E080B400AF044BDB681B0A03F0CE
:1028B00007031846BD4680BC704700BF00ED00E02E
:1028C00080B483B000AF0346FB7197F90730002B4B
:1028D0000BDBFB7903F01F02064997F907305B0910
:1028E000012000FA02F241F8232000BF0C37BD4658
:1028F00080BC704700E100E080B483B000AF0346C5
:102900003960FB7197F90730002B0ADB3B68DAB2BC
:102910000C4997F907301201D2B20B4483F8002317
:102920000AE03B68DAB20849FB7903F00F03043B85
:102930001201D2B20B441A7600BF0C37BD4680BCE0
:10294000704700BF00E100E000ED00E080B489B016
:1029500000AFF860B9607A60FB6803F00703FB61C1
:10296000FB69C3F10703042B28BF0423BB61FB6988
:102970000433062B02D9FB69033B00E000237B6193
:102980004FF0FF32BB6902FA03F3DA43BB681A4027
:102990007B699A404FF0FF317B6901FA03F3D94319
:1029A0007B680B40134318462437BD4680BC7047F4
:1029B00080B582B000AF78607B68013BB3F1807F67
:1029C00001D301230FE00A4A7B68013B53600F21CA
:1029D0004FF0FF30FFF790FF054B00229A60044B49
:1029E00007221A60002318460837BD4680BD00BF85
:1029F00010E000E080B582B000AF78607868FFF743
:102A00002DFF00BF0837BD4680BD80B586B000AF42
:102A10000346B9607A60FB7300237B61FFF742FFD6
:102A200078617A68B9687869FFF790FF024697F98C
:102A30000F3011461846FFF75FFF00BF1837BD463D
:102A400080BD80B582B000AF0346FB7197F90730B7
:102A50001846FFF735FF00BF0837BD4680BD80B57B
:102A600082B000AF78607868FFF7A2FF034618468F
:102A70000837BD4680BD80B485B000AF78600023C4
:102A8000FB737B6893F82130022B08D07B6804220B
:102A90009A637B68002283F82020012320E07B6872
:102AA0001B681A687B681B6822F00E021A607B683C
:102AB0001B681A687B681B6822F001021A607B6839
:102AC0001A6C7B68DB6B012101FA02F25A607B68A9
:102AD000012283F821207B68002283F82020FB7BE1
:102AE00018461437BD4680BC7047000080B584B0DE
:102AF00000AF78600023FB737B6893F82130022BD2
:102B000005D07B6804229A630123FB7351E07B6844
:102B10001B681A687B681B6822F00E021A607B68CB
:102B20001B681A687B681B6822F001021A607B68C8
:102B30001B68224A934229D07B681B68204A934233
:102B400022D07B681B681F4A93421AD07B681B689F
:102B50001D4A934212D07B681B681C4A93420AD0DC
:102B60007B681B681A4A934202D14FF480130EE02F
:102B70004FF080730BE04FF4803308E04FF4805344
:102B800005E04FF4807302E0102300E00123114AB6
:102B900053607B68012283F821207B68002283F840
:102BA00020207B685B6B002B03D07B685B6B7868B5
:102BB0009847FB7B18461037BD4680BD0800024091
:102BC0001C00024030000240440002405800024015
:102BD0006C0002400000024080B48BB000AF78600F
:102BE000396000237B6200233B6269E101227B6A3A
:102BF00002FA03F3FB613B681B68FA691340BB618F
:102C0000BA69FB699A4240F058813B685B689A4A0E
:102C100093425ED0984A934275D8984A934258D0CE
:102C2000964A93426FD8964A934252D0944A93421E
:102C300069D8944A93424CD0924A934263D8924ABC
:102C4000934246D0904A93425DD8122B2AD8122B39
:102C500059D801A252F823F0D32C0008AD2C00085B
:102C6000BF2C0008012D0008072D0008072D0008C3
:102C7000072D0008072D0008072D0008072D000864
:102C8000072D0008072D0008072D0008072D000854
:102C9000072D0008072D0008072D0008B52C000897
:102CA000C92C0008794A934213D02CE03B68DB68BA
:102CB0003B6229E03B68DB6804333B6224E03B680D
:102CC000DB6808333B621FE03B68DB680C333B6228
:102CD0001AE03B689B68002B02D104233B6213E09F
:102CE0003B689B68012B05D108233B627B68FA692E
:102CF0001A6109E008233B627B68FA695A6103E0C4
:102D000000233B6200E000BFBB69FF2B01D87B685A
:102D100001E07B6804337B61BB69FF2B02D87B6ACF
:102D20009B0002E07B6A083B9B003B617B691A6861
:102D30000F213B6901FA03F3DB431A40396A3B690F
:102D400001FA03F31A437B691A603B685B6803F07E
:102D50008053002B00F0B1804D4B9B694C4A43F0EF
:102D6000010393614A4B9B6903F00103BB60BB689D
:102D7000484A7B6A9B08023352F82330FB607B6A27
:102D800003F003039B000F2202FA03F3DB43FA680C
:102D90001340FB607B68404A934213D07B683F4AF4
:102DA00093420DD07B683E4A934207D07B683D4AF0
:102DB000934201D1032306E0042304E0022302E04E
:102DC000012300E000237A6A02F00302920093409C
:102DD000FA681343FB602F497B6A9B080233FA6849
:102DE00041F823203B685B6803F48033002B06D056
:102DF0002D4B1A682C49BB6913430B6006E02A4B24
:102E00001A68BB69DB43284913400B603B685B6869
:102E100003F40033002B06D0234B5A682249BB69C8
:102E200013434B6006E0204B5A68BB69DB431E49E5
:102E300013404B603B685B6803F48013002B06D0A3
:102E4000194B9A681849BB6913438B6006E0164B0F
:102E50009A68BB69DB43144913408B603B685B682D
:102E600003F40013002B21D00F4BDA680E49BB6925
:102E70001343CB6021E000BF00003210000031108E
:102E8000000022100000211000001210000011109C
:102E9000001002400000014000080140000C014009
:102EA0000010014000140140000401400B4BDA689F
:102EB000BB69DB4309491340CB607B6A01337B620A
:102EC0003B681A687B6A22FA03F3002B7FF48EAE0C
:102ED00000BF00BF2C37BD4680BC704700040140D6
:102EE00080B485B000AF78600B467B807B689A68C1
:102EF0007B881340002B02D00123FB7301E00023E9
:102F0000FB73FB7B18461437BD4680BC704780B40A
:102F100083B000AF78600B467B8013467B707B7874
:102F2000002B03D07A887B681A6103E07B881A043F
:102F30007B681A6100BF0C37BD4680BC704780B407
:102F400085B000AF78600B467B807B68DB68FB60F8
:102F50007A88FB6813401A04FB68D9437B880B40CE
:102F60001A437B681A6100BF1437BD4680BC7047A6
:102F700080B582B000AF0346FB80084B5A69FB88DE
:102F80001340002B06D0054AFB885361FB88184686
:102F900004F04EFC00BF0837BD4680BD0004014070
:102FA00080B584B000AF78607B68002B01D101232D
:102FB0002BE17B6893F83D30DBB2002B06D17B68B8
:102FC000002283F83C207868FEF7DCFC7B68242232
:102FD00083F83D207B681B681A687B681B6822F0B9
:102FE00001021A607B681B681A687B681B6842F4E0
:102FF00000421A607B681B681A687B681B6822F4B1
:1030000000421A6001F06EFBF8607B685B68814AE1
:10301000934207D8FB68804A934294BF0123002360
:10302000DBB206E0FB687D4A934294BF0123002394
:10303000DBB2002B01D00123E7E0FB68784AA2FB5A
:1030400003239B0CBB607B681B685B6823F03F011C
:103050007B681B68BA680A435A607B681B681B6AF6
:1030600023F03F017B685B686A4A934202D8BB68E1
:10307000013309E0BB684FF4967202FB03F3694A1F
:10308000A2FB03239B0901337A6812680B43136286
:103090007B681B68DB6923F44F4222F0FF027B68E8
:1030A0005B685C498B4219D8FB68591E7B685B687A
:1030B0005B00B1FBF3F3591C40F6FC730B40002B93
:1030C0000AD0FB68591E7B685B685B00B1FBF3F3B9
:1030D0000133C3F30B0351E004234FE07B689B688B
:1030E000002B11D1FB68581E7B6859680B465B00AA
:1030F0000B44B0FBF3F30133C3F30B03002B0CBF02
:1031000001230023DBB212E0FB68581E7B6859687C
:103110000B469B000B4499000B44B0FBF3F30133C7
:10312000C3F30B03002B0CBF01230023DBB2002BE6
:1031300001D0012322E07B689B68002B0ED1FB6845
:10314000581E7B6859680B465B000B44B0FBF3F3D9
:103150000133C3F30B0343F400430FE0FB68581E35
:103160007B6859680B469B000B4499000B44B0FBED
:10317000F3F30133C3F30B0343F440437968096865
:103180001343CB617B681B681B6823F0C0017B681D
:10319000DA697B681B6A1A437B681B680A431A60FA
:1031A0007B681B689B6823F4034323F0FF037A6862
:1031B00011697A68D26811437A6812680B43936088
:1031C0007B681B68DB6823F0FF017B685A697B68BA
:1031D0009B691A437B681B680A43DA607B681B683B
:1031E0001A687B681B6842F001021A607B68002243
:1031F0001A647B68202283F83D207B6800221A63D2
:103200007B68002283F83E20002318461037BD4615
:1032100080BD00BFA08601007F841E00FF083D0026
:1032200083DE1B43D34D621080B588B002AFF860D7
:103230007A601A460B467B8113463B81FFF7E0FA22
:103240007861FB6893F83D30DBB2202B40F0E080E2
:103250007B690093192301227049F86800F092FC01
:103260000346002B01D00223D3E0FB6893F83C30E7
:10327000012B01D10223CCE0FB68012283F83C2022
:10328000FB681B681B6803F00103012B07D0FB6878
:103290001B681A68FB681B6842F001021A60FB6831
:1032A0001B681A68FB681B6822F400621A60FB68DE
:1032B000212283F83D20FB68102283F83E20FB6822
:1032C00000221A64FB687A685A62FB683A895A8558
:1032D000FB685B8D9AB2FB681A85FB68504ADA621C
:1032E00079897B693A6AF86800F0FCFA0346002B9A
:1032F00001D001238DE000233B61FB681B685B6903
:103300003B61FB681B689B693B613B6966E07A69CE
:10331000396AF86800F00CFD0346002B0DD0FB68FD
:103320001B6C042B07D1FB681B681A68FB681B68C1
:1033300042F400721A6001236BE0FB685B6A1A7842
:10334000FB681B681A61FB685B6A5A1CFB685A625F
:10335000FB685B8D9BB2013B9AB2FB685A85FB68A8
:103360001B8D013B9AB2FB681A85FB681B685B6981
:1033700003F00403042B1BD1FB681B8D002B17D01B
:10338000FB685B6A1A78FB681B681A61FB685B6AFA
:103390005A1CFB685A62FB685B8D9BB2013B9AB278
:1033A000FB685A85FB681B8D013B9AB2FB681A8546
:1033B0007A69396AF86800F0FCFC0346002B0DD0EE
:1033C000FB681B6C042B07D1FB681B681A68FB6841
:1033D0001B6842F400721A6001231AE0FB681B8D1F
:1033E000002B94D1FB681B681A68FB681B6842F4C9
:1033F00000721A60FB68202283F83D20FB680022DF
:1034000083F83E20FB68002283F83C20002300E084
:10341000022318461837BD4680BD00BF02001000C9
:103420000000FFFF80B58CB002AFF8607A601A46EA
:103430000B467B8113463B8100233B62FFF7E0F99B
:103440007862FB6893F83D30DBB2202B40F03F827E
:103450007B6A0093192301227F49F86800F092FBF0
:103460000346002B01D0022332E2FB6893F83C3084
:10347000012B01D102232BE2FB68012283F83C20BF
:10348000FB681B681B6803F00103012B07D0FB6876
:103490001B681A68FB681B6842F001021A60FB682F
:1034A0001B681A68FB681B6822F400621A60FB68DC
:1034B000222283F83D20FB68102283F83E20FB681F
:1034C00000221A64FB687A685A62FB683A895A8556
:1034D000FB685B8D9AB2FB681A85FB685F4ADA620B
:1034E00079897B6A3A6BF86800F07EFA0346002B14
:1034F00001D00123ECE1FB681B8D002B13D10023CD
:10350000FB61FB681B685B69FB61FB681B689B696F
:10351000FB61FB69FB681B681A68FB681B6842F467
:1035200000721A60C0E1FB681B8D012B1ED1FB6885
:103530001B681A68FB681B6822F480621A6072B606
:1035400000BF0023BB61FB681B685B69BB61FB6854
:103550001B689B69BB61BB69FB681B681A68FB68D9
:103560001B6842F400721A6062B635E0FB681B8D7E
:10357000022B1ED1FB681B681A68FB681B6842F4AB
:1035800000621A6072B600BF00237B61FB681B6893
:103590005B697B61FB681B689B697B617B69FB687E
:1035A0001B681A68FB681B6822F480621A6062B6A6
:1035B00012E0FB681B681A68FB681B6842F48062B3
:1035C0001A6000233B61FB681B685B693B61FB6819
:1035D0001B689B693B613B6966E1FB681B8D032BA4
:1035E00000F21F81FB681B8D012B23D17A6A396B96
:1035F000F86800F01FFC0346002B01D0012367E1AF
:10360000FB681B681A69FB685B6AD2B21A70FB68B8
:103610005B6A5A1CFB685A62FB681B8D013B9AB2BD
:10362000FB681A85FB685B8D9BB2013B9AB2FB6815
:103630005A8539E1FB681B8D022B52D17B6A0093BE
:103640003B6B00220649F86800F09CFA0346002B09
:1036500008D001233CE100BF020010000000FFFF82
:103660000400010072B600BFFB681B681A68FB68A3
:103670001B6842F400721A60FB681B681A69FB68D9
:103680005B6AD2B21A70FB685B6A5A1CFB685A62AA
:10369000FB681B8D013B9AB2FB681A85FB685B8D4A
:1036A0009BB2013B9AB2FB685A8562B600BFFB68C9
:1036B0001B681A69FB685B6AD2B21A70FB685B6AA6
:1036C0005A1CFB685A62FB681B8D013B9AB2FB686F
:1036D0001A85FB685B8D9BB2013B9AB2FB685A85E9
:1036E000E2E07B6A00933B6B00227B49F86800F0C4
:1036F00049FA0346002B01D00123E9E0FB681B686F
:103700001A68FB681B6822F480621A6072B600BFF8
:10371000FB681B681A69FB685B6AD2B21A70FB68A7
:103720005B6A5A1CFB685A62FB681B8D013B9AB2AC
:10373000FB681A85FB685B8D9BB2013B9AB2FB6804
:103740005A85664B1B68DB08654AA2FB03231A0AED
:1037500013469B001344DA00D31A3B623B6A013BD9
:103760003B623B6A002B18D1FB6800221A63FB689E
:10377000202283F83D20FB68002283F83E20FB686E
:103780001B6C43F02002FB681A6462B600BFFB6842
:10379000002283F83C2001239AE0FB681B685B69E8
:1037A00003F00403042BD9D1FB681B681A68FB687B
:1037B0001B6842F400721A60FB681B681A69FB6898
:1037C0005B6AD2B21A70FB685B6A5A1CFB685A6269
:1037D000FB681B8D013B9AB2FB681A85FB685B8D09
:1037E0009BB2013B9AB2FB685A8562B600BFFB6888
:1037F0001B681A69FB685B6AD2B21A70FB685B6A65
:103800005A1CFB685A62FB681B8D013B9AB2FB682D
:103810001A85FB685B8D9BB2013B9AB2FB685A85A7
:1038200042E07A6A396BF86800F004FB0346002B2B
:1038300001D001234CE0FB681B681A69FB685B6AD6
:10384000D2B21A70FB685B6A5A1CFB685A62FB684A
:103850001B8D013B9AB2FB681A85FB685B8D9BB29E
:10386000013B9AB2FB685A85FB681B685B6903F0F1
:103870000403042B18D1FB681B681A69FB685B6A98
:10388000D2B21A70FB685B6A5A1CFB685A62FB680A
:103890001B8D013B9AB2FB681A85FB685B8D9BB25E
:1038A000013B9AB2FB685A85FB681B8D002B7FF4A5
:1038B00094AEFB68202283F83D20FB68002283F849
:1038C0003E20FB68002283F83C20002300E0022316
:1038D00018462837BD4680BD0400010008000020BE
:1038E00089B5F81480B588B002AFF8607A603B60A3
:1038F0000B467B81FB68DB6A7B617B69082B06D00A
:103900007B69012B03D07B6913F5803F08D1FB68ED
:103910001B681A68FB681B6842F480721A600BE02F
:10392000FB681B6B122B07D1FB681B681A68FB68CE
:103930001B6842F480721A603B6800937B68002227
:103940004FF00111F86800F01DF90346002B0DD06F
:10395000FB681B681B6803F48073B3F5807F03D199
:10396000FB684FF400721A64032335E0FB681B699F
:10397000B3F5804F08D17B89DBB21A46FB681B6820
:1039800002F0FE021A611BE07B89DB11DBB203F05F
:103990000603DBB263F00F03DAB2FB681B681A613F
:1039A0003B687A680E49F86800F043F90346002B3B
:1039B00001D0012310E07B89DAB2FB681B681A6131
:1039C0003B687A680749F86800F033F90346002B32
:1039D00001D0012300E0002318461837BD4680BD02
:1039E000080001000200010080B588B002AFF86055
:1039F0007A603B600B467B81FB68DB6A7B61FB681E
:103A00001B681A68FB681B6842F480621A607B6955
:103A1000082B06D07B69012B03D07B6913F5803F0F
:103A200008D1FB681B681A68FB681B6842F4807247
:103A30001A600BE0FB681B6B112B07D1FB681B683E
:103A40001A68FB681B6842F480721A603B68009336
:103A50007B6800224FF00111F86800F093F80346EC
:103A6000002B0DD0FB681B681B6803F48073B3F553
:103A7000807F03D1FB684FF400721A64032379E05E
:103A8000FB681B69B3F5804F08D17B89DBB243F03B
:103A90000103DAB2FB681B681A615FE07B89DB1106
:103AA000DBB203F00603DBB263F00F03DAB2FB68AC
:103AB0001B681A613B687A683049F86800F0B9F809
:103AC0000346002B01D0012354E07B89DAB2FB6866
:103AD0001B681A613B687A682949F86800F0A9F800
:103AE0000346002B01D0012344E000233B61FB6827
:103AF0001B685B693B61FB681B689B693B613B69B9
:103B0000FB681B681A68FB681B6842F480721A60C5
:103B10003B6800937B6800224FF00111F86800F0C9
:103B200031F80346002B0DD0FB681B681B6803F4BB
:103B30008073B3F5807F03D1FB684FF400721A6481
:103B4000032317E07B89DB11DBB203F00603DBB252
:103B500063F00E03DAB2FB681B681A613B687A688F
:103B60000749F86800F065F80346002B01D00123EF
:103B700000E0002318461837BD4680BD080001004C
:103B80000200010080B584B000AFF860B9603B600E
:103B90001346FB7125E03B68B3F1FF3F21D0FEF7F0
:103BA0002FFE0246BB69D31A3A689A4202D33B6899
:103BB000002B16D1FB6800221A63FB68202283F8D1
:103BC0003D20FB68002283F83E20FB681B6C43F01D
:103BD0002002FB681A64FB68002283F83C20012362
:103BE00023E0BB681B0CDBB2012B0DD1FB681B680B
:103BF0005B69DA43BB6813409BB2002B0CBF012307
:103C00000023DBB21A460CE0FB681B689B69DA43B1
:103C1000BB6813409BB2002B0CBF01230023DBB217
:103C20001A46FB799A42B6D0002318461037BD4693
:103C300080BD80B584B000AFF860B9607A603B6049
:103C400051E0FB681B685B6903F48063B3F5806F28
:103C500023D1FB681B681A68FB681B6842F400727A
:103C60001A60FB681B686FF480625A61FB6800226F
:103C70001A63FB68202283F83D20FB68002283F84A
:103C80003E20FB681B6C43F00402FB681A64FB686F
:103C9000002283F83C20012346E07B68B3F1FF3F1C
:103CA00021D0FEF7ADFD02463B68D31A7A689A42EE
:103CB00002D37B68002B16D1FB6800221A63FB68D5
:103CC000202283F83D20FB68002283F83E20FB6819
:103CD0001B6C43F02002FB681A64FB68002283F827
:103CE0003C20012320E0BB681B0CDBB2012B0CD174
:103CF000FB681B685B69DA43BB6813409BB2002B0F
:103D000014BF01230023DBB20BE0FB681B689B6937
:103D1000DA43BB6813409BB2002B14BF012300237E
:103D2000DBB2002B8DD1002318461037BD4680BD75
:103D300080B584B000AFF860B9607A602DE0F868B3
:103D400000F0CEF80346002B01D001232DE0BB6824
:103D5000B3F1FF3F21D0FEF753FD02467B68D31A33
:103D6000BA689A4202D3BB68002B16D1FB680022C6
:103D70001A63FB68202283F83D20FB68002283F849
:103D80003E20FB681B6C43F02002FB681A64FB6852
:103D9000002283F83C20012307E0FB681B685B6975
:103DA00003F08003802BCAD1002318461037BD468C
:103DB00080BD80B584B000AFF860B9607A602DE056
:103DC000F86800F08DF80346002B01D001232DE0A8
:103DD000BB68B3F1FF3F21D0FEF712FD02467B68BE
:103DE000D31ABA689A4202D3BB68002B16D1FB687B
:103DF00000221A63FB68202283F83D20FB68002222
:103E000083F83E20FB681B6C43F02002FB681A64B9
:103E1000FB68002283F83C20012307E0FB681B6855
:103E20005B6903F00403042BCAD100231846103742
:103E3000BD4680BD80B584B000AFF860B9607A60DF
:103E400042E0FB681B685B6903F01003102B19D17B
:103E5000FB681B686FF010025A61FB6800221A634E
:103E6000FB68202283F83D20FB68002283F83E2077
:103E7000FB681A6CFB681A64FB68002283F83C201C
:103E8000012329E0FEF7BCFC02467B68D31ABA681E
:103E90009A4202D3BB68002B16D1FB6800221A633A
:103EA000FB68202283F83D20FB68002283F83E2037
:103EB000FB681B6C43F02002FB681A64FB6800225D
:103EC00083F83C20012307E0FB681B685B6903F073
:103ED0004003402BB5D1002318461037BD4680BDA6
:103EE00080B483B000AF78607B681B685B6903F4C3
:103EF0008063B3F5806F1BD17B681B686FF48062B1
:103F00005A617B6800221A637B68202283F83D2077
:103F10007B68002283F83E207B681B6C43F0040220
:103F20007B681A647B68002283F83C20012300E050
:103F3000002318460C37BD4680BC704780B586B05C
:103F400000AF78607B68002B01D1012372E27B68AF
:103F50001B6803F00103002B00F08780924B5B6825
:103F600003F00C03042B0CD08F4B5B6803F00C03A5
:103F7000082B12D18C4B5B6803F48033B3F5803F80
:103F80000BD1894B1B6803F40033002B6CD07B688A
:103F90005B68002B68D101234CE27B685B68B3F55A
:103FA000803F06D1804B1B687F4A43F48033136007
:103FB0002EE07B685B68002B0CD17B4B1B687A4A38
:103FC00023F480331360784B1B68774A23F48023F3
:103FD00013601DE07B685B68B3F5A02F0CD1724BBA
:103FE0001B68714A43F4802313606F4B1B686E4A51
:103FF00043F4803313600BE06B4B1B686A4A23F475
:1040000080331360684B1B68674A23F48023136076
:104010007B685B68002B13D0FEF7F2FB386108E089
:10402000FEF7EEFB02463B69D31A642B01D903234A
:1040300000E25D4B1B6803F40033002BF0D014E06A
:10404000FEF7DEFB386108E0FEF7DAFB02463B696B
:10405000D31A642B01D90323ECE1534B1B6803F4FF
:104060000033002BF0D100E000BF7B681B6803F039
:104070000203002B63D04C4B5B6803F00C03002B56
:104080000BD0494B5B6803F00C03082B1CD1464B4B
:104090005B6803F48033002B16D1434B1B6803F09D
:1040A0000203002B05D07B681B69012B01D0012383
:1040B000C0E13D4B1B6823F0F8027B685B69DB00C5
:1040C000394913430B603AE07B681B69002B20D011
:1040D000364B01221A60FEF793FB386108E0FEF7C9
:1040E0008FFB02463B69D31A022B01D90323A1E1BE
:1040F0002D4B1B6803F00203002BF0D02A4B1B68EA
:1041000023F0F8027B685B69DB00274913430B60EF
:1041100015E0264B00221A60FEF772FB386108E0BA
:10412000FEF76EFB02463B69D31A022B01D903232B
:1041300080E11D4B1B6803F00203002BF0D17B686C
:104140001B6803F00803002B3AD07B689B69002BA7
:1041500019D0174B01221A60FEF752FB386108E0B4
:10416000FEF74EFB02463B69D31A022B01D903230B
:1041700060E10D4B5B6A03F00203002BF0D00120DD
:1041800000F0D8FA1CE00A4B00221A60FEF738FB58
:1041900038610FE0FEF734FB02463B69D31A022B6D
:1041A00008D9032346E100BF00100240000042424C
:1041B00080044242924B5B6A03F00203002BE9D178
:1041C0007B681B6803F00403002B00F0A68000232B
:1041D000FB758B4BDB6903F08053002B0DD1884BB3
:1041E000DB69874A43F08053D361854BDB6903F079
:1041F0008053BB60BB680123FB75824B1B6803F4D3
:104200008073002B18D17F4B1B687E4A43F4807368
:104210001360FEF7F5FA386108E0FEF7F1FA02469E
:104220003B69D31A642B01D9032303E1754B1B6847
:1042300003F48073002BF0D07B68DB68012B06D180
:104240006F4B1B6A6E4A43F0010313622DE07B68DB
:10425000DB68002B0CD16A4B1B6A694A23F001030F
:104260001362674B1B6A664A23F0040313621CE067
:104270007B68DB68052B0CD1614B1B6A604A43F0FD
:10428000040313625E4B1B6A5D4A43F00103136231
:104290000BE05B4B1B6A5A4A23F001031362584B35
:1042A0001B6A574A23F0040313627B68DB68002B08
:1042B00015D0FEF7A5FA38610AE0FEF7A1FA02462A
:1042C0003B69D31A41F28832934201D90323B1E00A
:1042D0004B4B1B6A03F00203002BEED014E0FEF7F9
:1042E0008FFA38610AE0FEF78BFA02463B69D31A6F
:1042F00041F28832934201D903239BE0404B1B6A71
:1043000003F00203002BEED1FB7D012B05D13C4BCA
:10431000DB693B4A23F08053D3617B68DB69002B68
:1043200000F08780364B5B6803F00C03082B61D0EC
:104330007B68DB69022B46D1334B00221A60FEF703
:104340005FFA386108E0FEF75BFA02463B69D31A70
:10435000022B01D903236DE0294B1B6803F0007386
:10436000002BF0D17B681B6AB3F5803F08D1244B4A
:104370005B6823F400327B689B68214913434B60E0
:104380001F4B5B6823F474127B68196A7B685B6A55
:104390000B431B4913434B601B4B01221A60FEF772
:1043A0002FFA386108E0FEF72BFA02463B69D31A70
:1043B000022B01D903233DE0114B1B6803F000736E
:1043C000002BF0D035E0104B00221A60FEF718FAEF
:1043D000386108E0FEF714FA02463B69D31A022B53
:1043E00001D9032326E0064B1B6803F00073002B62
:1043F000F0D11EE07B68DB69012B07D1012319E0B6
:104400000010024000700040600042420B4B5B68AD
:10441000FB60FB6803F480327B681B6A9A4206D11A
:10442000FB6803F470127B685B6A9A4201D0012337
:1044300000E0002318461837BD4680BD001002403A
:1044400080B584B000AF786039607B68002B01D103
:104450000123D0E06A4B1B6803F007033A689A42D5
:1044600010D9674B1B6823F0070265493B6813436B
:104470000B60634B1B6803F007033A689A4201D054
:104480000123B8E07B681B6803F00203002B20D0F7
:104490007B681B6803F00403002B05D0594B5B6855
:1044A000584A43F4E06353607B681B6803F00803D9
:1044B000002B05D0534B5B68524A43F46053536062
:1044C000504B5B6823F0F0027B689B684D491343B7
:1044D0004B607B681B6803F00103002B40D07B68B6
:1044E0005B68012B07D1474B1B6803F40033002B9B
:1044F00015D101237FE07B685B68022B07D1414B1C
:104500001B6803F00073002B09D1012373E03D4BBE
:104510001B6803F00203002B01D101236BE0394B30
:104520005B6823F003027B685B68364913434B608A
:10453000FEF766F9F8600AE0FEF762F90246FB68EA
:10454000D31A41F28832934201D9032353E02D4B11
:104550005B6803F00C027B685B689B009A42EBD1BE
:10456000274B1B6803F007033A689A4210D2244B8A
:104570001B6823F0070222493B6813430B60204B62
:104580001B6803F007033A689A4201D0012332E026
:104590007B681B6803F00403002B08D0194B5B6891
:1045A00023F4E0627B68DB68164913434B607B6849
:1045B0001B6803F00803002B09D0124B5B6823F43F
:1045C00060527B681B69DB000E4913434B6000F0AF
:1045D00021F802460B4B5B681B0903F00F030A49E5
:1045E000CB5C22FA03F3094A1360094B1B68184697
:1045F000FEF7C4F8002318461037BD4680BD00BF43
:104600000020024000100240A09100080800002095
:104610000C00002090B48AB000AF294B3C1D0FCB9A
:1046200084E80F0040F201233B800023FB6100235C
:10463000BB6100237B6200237B6100233B62214B33
:104640005B68FB61FB6903F00C03042B02D0082BB1
:1046500003D02BE01C4B3B622BE0FB699B0C03F06F
:104660000F0328333B4413F8243C7B61FB6903F4BC
:104670008033002B12D0134B5B685B0C03F00103FB
:1046800028333B4413F8283CBB617B690E4A03FB8B
:1046900002F2BB69B2FBF3F37B6204E07B690B4A75
:1046A00002FB03F37B627B6A3B6202E0064B3B62E8
:1046B00000BF3B6A18462837BD4690BC704700BF14
:1046C000888D00080010024000127A0000093D00A9
:1046D00080B400AF024B1B681846BD4680BC7047D3
:1046E0000800002080B500AFFFF7F2FF0246054B3F
:1046F0005B681B0A03F007030349CB5C22FA03F350
:10470000184680BD00100240B091000880B500AF8F
:10471000FFF7DEFF0246054B5B68DB0A03F0070389
:104720000349CB5C22FA03F3184680BD0010024017
:10473000B091000880B485B000AF78600A4B1B6868
:104740000A4AA2FB03235B0A7A6802FB03F3FB60BD
:1047500000BFFB685A1EFA60002BF9D100BF00BFF2
:104760001437BD4680BC704708000020D34D62104E
:1047700080B582B000AF78607B68002B01D1012347
:1047800076E07B685B6A002B08D17B685B68B3F5D9
:10479000827F09D07B680022DA6105E07B68002215
:1047A0001A617B6800225A617B6800229A627B68EA
:1047B00093F85130DBB2002B06D17B68002283F8DE
:1047C00050207868FDF71CF97B68022283F851209D
:1047D0007B681B681A687B681B6822F040021A60BD
:1047E0007B685B6803F482727B689B6803F4044314
:1047F0001A437B68DB6803F400631A437B681B6918
:1048000003F002031A437B685B6903F001031A4358
:104810007B689B6903F400731A437B68DB6903F0D0
:1048200038031A437B681B6A03F0800342EA0301E2
:104830007B689B6A03F400527B681B680A431A601A
:104840007B689B691A0C7B681B6802F004025A6043
:104850007B681B68DA697B681B6822F40062DA6196
:104860007B6800225A657B68012283F8512000236F
:1048700018460837BD4680BD80B588B000AFF860E7
:10488000B9603B601346FB800023FB77FB6893F81D
:104890005030012B01D1022326E1FB68012283F86D
:1048A0005020FDF7ADFFB861FB88FB82FB6893F8F1
:1048B0005130DBB2012B02D00223FB770BE1BB6846
:1048C000002B02D0FB88002B02D10123FB7702E1F1
:1048D000FB68032283F85120FB6800225A65FB68BD
:1048E000BA681A63FB68FA889A86FB68FA88DA86DF
:1048F000FB6800229A63FB6800229A87FB6800220B
:10490000DA87FB6800225A64FB6800221A64FB689D
:104910009B68B3F5004F0FD1FB681B681A68FB68F2
:104920001B6822F040021A60FB681B681A68FB686B
:104930001B6842F480421A60FB681B681B6803F026
:104940004003402B07D0FB681B681A68FB681B6894
:1049500042F040021A60FB68DB68B3F5006F4BD190
:10496000FB685B68002B02D0FB8A012B3ED1FB6801
:104970001B6B1A88FB681B68DA60FB681B6B9A1C50
:10498000FB681A63FB68DB8E9BB2013B9AB2FB6843
:10499000DA862BE0FB681B689B6803F00203022B9E
:1049A00012D1FB681B6B1A88FB681B68DA60FB6816
:1049B0001B6B9A1CFB681A63FB68DB8E9BB2013B86
:1049C0009AB2FB68DA8611E0FDF71AFF0246BB696E
:1049D000D31A3A689A4203D83B68B3F1FF3F02D139
:1049E0003B68002B02D10323FB7774E0FB68DB8E6E
:1049F0009BB2002BCED14CE0FB685B68002B02D051
:104A0000FB8A012B40D1FB681A6BFB681B680C33D7
:104A100012781A70FB681B6B5A1CFB681A63FB68E0
:104A2000DB8E9BB2013B9AB2FB68DA862CE0FB6816
:104A30001B689B6803F00203022B13D1FB681A6BFF
:104A4000FB681B680C3312781A70FB681B6B5A1CCE
:104A5000FB681A63FB68DB8E9BB2013B9AB2FB6872
:104A6000DA8611E0FDF7CCFE0246BB69D31A3A683C
:104A70009A4203D83B68B3F1FF3F02D13B68002B59
:104A800002D10323FB7726E0FB68DB8E9BB2002B71
:104A9000CDD1BA693968F86800F01AFE0346002BD8
:104AA00002D0FB6820225A65FB689B68002B0AD164
:104AB00000233B61FB681B68DB683B61FB681B688C
:104AC0009B683B613B69FB685B6D002B02D0012357
:104AD000FB7700E000BFFB68012283F85120FB68F0
:104AE000002283F85020FB7F18462037BD4680BD4A
:104AF00080B588B002AFF860B9603B601346FB80B8
:104B00000023FB75FB685B68B3F5827F12D1FB68FD
:104B10009B68002B0ED1FB68042283F85120FA8891
:104B20003B6800931346BA68B968F86800F0F1F87A
:104B30000346EAE0FB6893F85030012B01D10223D1
:104B4000E3E0FB68012283F85020FDF759FE38614D
:104B5000FB6893F85130DBB2012B02D00223FB75C6
:104B6000CAE0BB68002B02D0FB88002B02D10123D6
:104B7000FB75C1E0FB68042283F85120FB6800222A
:104B80005A65FB68BA689A63FB68FA889A87FB687B
:104B9000FA88DA87FB6800221A63FB6800229A868B
:104BA000FB680022DA86FB6800221A64FB68002298
:104BB0005A64FB689B68B3F5004F0FD1FB681B6814
:104BC0001A68FB681B6822F040021A60FB681B68C9
:104BD0001A68FB681B6822F480421A60FB681B6835
:104BE0001B6803F04003402B07D0FB681B681A6862
:104BF000FB681B6842F040021A60FB68DB68002B10
:104C000062D12EE0FB681B689B6803F00103012B57
:104C100015D1FB681B6803F10C02FB689B6B1278D3
:104C2000D2B21A70FB689B6B5A1CFB689A63FB68D4
:104C3000DB8F9BB2013B9AB2FB68DA8711E0FDF78C
:104C4000DFFD02463B69D31A3A689A4203D83B68B3
:104C5000B3F1FF3F02D13B68002B02D10323FB7568
:104C60004AE0FB68DB8F9BB2002BCBD131E0FB68C5
:104C70001B689B6803F00103012B13D1FB681B68C1
:104C8000DA68FB689B6B92B21A80FB689B6B9A1C7C
:104C9000FB689A63FB68DB8F9BB2013B9AB2FB68AF
:104CA000DA8711E0FDF7ACFD02463B69D31A3A689A
:104CB0009A4203D83B68B3F1FF3F02D13B68002B17
:104CC00002D10323FB7517E0FB68DB8F9BB2002B3F
:104CD000CDD13A693968F86800F0A8FC0346002B8A
:104CE00002D0FB6820225A65FB685B6D002B02D066
:104CF0000123FB7500E000BFFB68012283F851200F
:104D0000FB68002283F85020FB7D18461837BD460B
:104D100080BD80B58CB000AFF860B9607A607B80F0
:104D20000123FB62002387F82B30FB6893F8503097
:104D3000012B01D102238AE1FB68012283F8502074
:104D4000FDF75EFD7862FB6893F8513087F82330F9
:104D5000FB685B68FB617B887B8397F82330012BC2
:104D60000FD0FB69B3F5827F07D1FB689B68002BEE
:104D700003D197F82330042B03D0022387F82B307C
:104D80005BE1BB68002B05D07B68002B02D07B88E1
:104D9000002B03D1012387F82B304EE1FB6893F8F9
:104DA0005130DBB2042B03D0FB68052283F851207D
:104DB000FB6800225A65FB687A689A63FB687A8808
:104DC000DA87FB687A889A87FB68BA681A63FB6897
:104DD0007A88DA86FB687A889A86FB6800221A64E9
:104DE000FB6800225A64FB681B681B6803F04003E1
:104DF000402B07D0FB681B681A68FB681B6842F0F1
:104E000040021A60FB68DB68B3F5006F78D1FB687D
:104E10005B68002B02D07B8B012B66D1FB681B6B80
:104E20001A88FB681B68DA60FB681B6B9A1CFB68BE
:104E30001A63FB68DB8E9BB2013B9AB2FB68DA8691
:104E400053E0FB681B689B6803F00203022B1BD135
:104E5000FB68DB8E9BB2002B16D0FB6A012B13D1B3
:104E6000FB681B6B1A88FB681B68DA60FB681B6BAE
:104E70009A1CFB681A63FB68DB8E9BB2013B9AB2FB
:104E8000FB68DA860023FB62FB681B689B6803F003
:104E90000103012B19D1FB68DB8F9BB2002B14D0CF
:104EA000FB681B68DA68FB689B6B92B21A80FB6830
:104EB0009B6B9A1CFB689A63FB68DB8F9BB2013B80
:104EC0009AB2FB68DA870123FB62FDF799FC024680
:104ED0007B6AD31ABA6B9A4207D8BB6BB3F1FF3F18
:104EE00003D0032387F82B30A7E0FB68DB8E9BB24F
:104EF000002BA6D1FB68DB8F9BB2002BA1D17CE0FD
:104F0000FB685B68002B02D07B8B012B6BD1FB68AD
:104F10001A6BFB681B680C3312781A70FB681B6BEA
:104F20005A1CFB681A63FB68DB8E9BB2013B9AB28A
:104F3000FB68DA8657E0FB681B689B6803F0020396
:104F4000022B1CD1FB68DB8E9BB2002B17D0FB6AB7
:104F5000012B14D1FB681A6BFB681B680C331278A9
:104F60001A70FB681B6B5A1CFB681A63FB68DB8EAC
:104F70009BB2013B9AB2FB68DA860023FB62FB68B6
:104F80001B689B6803F00103012B19D1FB68DB8FC1
:104F90009BB2002B14D0FB681B68DA68FB689B6B24
:104FA000D2B21A70FB689B6B5A1CFB689A63FB6851
:104FB000DB8F9BB2013B9AB2FB68DA870123FB626D
:104FC000FDF71EFC02467B6AD31ABA6B9A4203D8DD
:104FD000BB6BB3F1FF3F02D1BB6B002B03D10323AB
:104FE00087F82B3029E0FB68DB8E9BB2002BA2D127
:104FF000FB68DB8F9BB2002B9DD17A6AB96BF86896
:1050000000F066FB0346002B06D0012387F82B3007
:10501000FB6820225A6510E0FB689B68002B0BD1CF
:1050200000237B61FB681B68DB687B61FB681B6896
:105030009B687B617B6900E000BFFB68012283F80D
:105040005120FB68002283F8502097F82B30184637
:105050003037BD4680BD000080B487B000AFF86037
:10506000B9607A607B800023FB75FB6893F8503051
:10507000012B01D1022375E0FB68012283F8502047
:10508000FB6893F85130BB75FB685B683B61BB7D87
:10509000012B0DD03B69B3F5827F06D1FB689B687D
:1050A000002B02D1BB7D042B02D00223FB7554E000
:1050B000BB68002B05D07B68002B02D07B88002BBF
:1050C00002D10123FB7548E0FB6893F85130DBB255
:1050D000042B03D0FB68052283F85120FB680022D3
:1050E0005A65FB68BA681A63FB687A889A86FB6817
:1050F0007A88DA86FB687A689A63FB687A889A8786
:10510000FB687A88DA87FB68DB68002B06D0FB68CF
:10511000174A1A64FB68174A5A6405E0FB68164A86
:105120001A64FB68154A5A64FB681B685A68FB6876
:105130001B6842F0E0025A60FB681B681B6803F0C2
:105140004003402B08D0FB681B681A68FB681B688B
:1051500042F040021A6000E000BFFB68002283F8C2
:105160005020FB7D18461C37BD4680BC704700BFF1
:105170005D540008BD54000899530008FD53000811
:1051800080B588B000AF78607B681B685B68FB61A6
:105190007B681B689B68BB61BB699B0903F00103CB
:1051A000002B0FD1BB6903F00103002B0AD0FB6970
:1051B0009B0903F00103002B04D07B681B6C78680B
:1051C0009847BEE0BB695B0803F00103002B0AD0DF
:1051D000FB69DB0903F00103002B04D07B685B6CE7
:1051E00078689847ADE0BB695B0903F00103002BC9
:1051F00006D1BB699B0903F00103002B00F0A180DD
:10520000FB695B0903F00103002B00F09A80BB6986
:105210009B0903F00103002B23D07B6893F85130E6
:10522000DBB2032B11D07B685B6D43F004027B681B
:105230005A6500237B617B681B68DB687B617B6848
:105240001B689B687B617B690BE000233B617B688B
:105250001B68DB683B617B681B689B683B613B6943
:105260006FE0BB695B0903F00103002B14D07B687E
:105270005B6D43F001027B685A650023FB607B682D
:105280001B689B68FB607B681B681A687B681B68EF
:1052900022F040021A60FB687B685B6D002B4FD0E8
:1052A0007B681B685A687B681B6822F0E0025A60C2
:1052B0007B68012283F85120FB6903F00203002B75
:1052C00004D1FB6903F00103002B34D07B681B6819
:1052D0005A687B681B6822F003025A607B68DB6CAB
:1052E000002B11D07B68DB6C174A5A637B68DB6C40
:1052F0001846FDF7FBFB0346002B05D07B685B6D72
:1053000043F040027B685A657B689B6C002B16D08B
:105310007B689B6C0C4A5A637B689B6C1846FDF754
:10532000E5FB0346002B0AD07B685B6D43F040022F
:105330007B685A6503E0786800F011F800E000BF70
:1053400000BF2037BD4680BD7153000880B483B0D4
:1053500000AF786000BF0C37BD4680BC704780B49A
:1053600083B000AF786000BF0C37BD4680BC70478B
:1053700080B584B000AF78607B685B6AFB60FB68D7
:105380000022DA87FB680022DA86F868FFF7E7FF79
:1053900000BF1037BD4680BD80B582B000AF7860D9
:1053A0007B681B6803F10C027B689B6B1278D2B29E
:1053B0001A707B689B6B5A1C7B689A637B68DB8FD7
:1053C0009BB2013B9AB27B68DA877B68DB8F9BB22A
:1053D000002B0FD17B681B685A687B681B6822F022
:1053E00060025A607B68DB8E9BB2002B02D178682A
:1053F00000F08CF900BF0837BD4680BD80B582B093
:1054000000AF78607B681A6B7B681B680C3312787E
:105410001A707B681B6B5A1C7B681A637B68DB8E77
:105420009BB2013B9AB27B68DA867B68DB8E9BB2CB
:10543000002B0FD17B681B685A687B681B6822F0C1
:1054400080025A607B68DB8F9BB2002B02D17868A8
:1054500000F05CF900BF0837BD4680BD80B582B062
:1054600000AF78607B681B68DA687B689B6B92B2E0
:105470001A807B689B6B9A1C7B689A637B68DB8FC6
:105480009BB2013B9AB27B68DA877B68DB8F9BB269
:10549000002B0FD17B681B685A687B681B6822F061
:1054A00040025A607B68DB8E9BB2002B02D1786889
:1054B00000F02CF900BF0837BD4680BD80B582B032
:1054C00000AF78607B681B6B1A887B681B68DA60AA
:1054D0007B681B6B9A1C7B681A637B68DB8E9BB2B4
:1054E000013B9AB27B68DA867B68DB8E9BB2002B2D
:1054F0000FD17B681B685A687B681B6822F08002AA
:105500005A607B68DB8F9BB2002B02D1786800F079
:10551000FDF800BF0837BD4680BD000080B588B0EB
:1055200000AFF860B9603B601346FB71FDF768F9A6
:105530000246BB6A9B1A3A681344FB61FDF760F9A7
:10554000B861394B1B685B011B0DFA6902FB03F361
:105550007B6154E03B68B3F1FF3F50D0FDF750F959
:105560000246BB69D31AFA699A4202D9FB69002B39
:105570003DD1FB681B685A68FB681B6822F0E0029B
:105580005A60FB685B68B3F5827F11D1FB689B684A
:10559000B3F5004F04D0FB689B68B3F5806F07D16B
:1055A000FB681B681A68FB681B6822F040021A60DF
:1055B000FB689B6AB3F5005F0FD1FB681B681A6834
:1055C000FB681B6822F400521A60FB681B681A68AB
:1055D000FB681B6842F400521A60FB68012283F8E2
:1055E0005120FB68002283F85020032317E07B69D9
:1055F000002B01D10023FB617B69013B7B61FB68D0
:105600001B689A68BB681340BA689A420CBF0123B2
:105610000023DBB21A46FB799A429BD1002318463D
:105620002037BD4680BD00BF0800002080B586B091
:1056300002AFF860B9607A60FB685B68B3F5827F9F
:1056400011D1FB689B68B3F5004F04D0FB689B68E1
:10565000B3F5806F07D1FB681B681A68FB681B688D
:1056600022F040021A60FB685B68B3F5827F17D1B5
:10567000FB689B68B3F5806F12D17B680093BB68B1
:1056800000220121F868FFF749FF0346002B1AD0DA
:10569000FB685B6D43F02002FB685A65032313E04F
:1056A0007B680093BB6800228021F868FFF736FF13
:1056B0000346002B07D0FB685B6D43F02002FB68BC
:1056C0005A65032300E0002318461037BD4680BD0D
:1056D00080B586B002AFF860B9607A607B680093ED
:1056E000BB6800228021F868FFF718FF0346002BF3
:1056F00007D0FB685B6D43F02002FB685A6503230B
:1057000000E0002318461037BD4680BD80B586B046
:1057100000AF7860354B1B68354AA2FB03235B0A58
:10572000642202FB03F33B61FDF76AF878617B6852
:105730001B685A687B681B6822F020025A603B692C
:10574000002B06D17B685B6D43F020027B685A65B5
:1057500009E03B69013B3B617B681B689B6803F088
:105760000203002BEBD07A6964217868FFF7B0FF61
:105770000346002B05D07B685B6D43F020027B68FD
:105780005A657B689B68002B0AD10023FB607B680D
:105790001B68DB68FB607B681B689B68FB60FB68C1
:1057A0007B685B6D002B15D17B6893F85130DBB2C1
:1057B000042B07D17B68012283F851207868FFF71A
:1057C000C5FD0EE07B68012283F85120786802F065
:1057D00023F906E07B68012283F851207868FFF7FF
:1057E000BEFD00BF1837BD4680BD00BF08000020C9
:1057F000F119760580B582B000AF78607B68002B28
:1058000001D1012341E07B6893F83D30DBB2002BEE
:1058100006D17B68002283F83C207868FCF77EF98B
:105820007B68022283F83D207B681A687B6804331A
:105830001946104600F06EFC7B68012283F8462072
:105840007B68012283F83E207B68012283F83F2099
:105850007B68012283F840207B68012283F8412085
:105860007B68012283F842207B68012283F8432071
:105870007B68012283F844207B68012283F845205D
:105880007B68012283F83D20002318460837BD4677
:1058900080BD000080B485B000AF78607B6893F86D
:1058A0003D30DBB2012B01D001233AE07B680222BC
:1058B00083F83D207B681B68DA687B681B6842F0D0
:1058C0000102DA607B681B68184A93420ED07B683D
:1058D0001B68B3F1804F09D07B681B68144A934260
:1058E00004D07B681B68134A934211D17B681B6804
:1058F0009B6803F00703FB60FB68062B10D07B68F6
:105900001B681A687B681B6842F001021A6007E096
:105910007B681B681A687B681B6842F001021A608A
:10592000002318461437BD4680BC7047002C014048
:10593000000400400008004080B483B000AF7860ED
:105940007B681B68DA687B681B6822F00102DA60FA
:105950007B681B681A6A41F211131340002B0FD1A8
:105960007B681B681A6A40F244431340002B07D13E
:105970007B681B681A687B681B6822F001021A604A
:105980007B68012283F83D20002318460C37BD4672
:1059900080BC704780B582B000AF78607B68002B18
:1059A00001D1012341E07B6893F83D30DBB2002B4D
:1059B00006D17B68002283F83C20786800F039F833
:1059C0007B68022283F83D207B681A687B68043379
:1059D0001946104600F09EFB7B68012283F84620A2
:1059E0007B68012283F83E207B68012283F83F20F8
:1059F0007B68012283F840207B68012283F84120E4
:105A00007B68012283F842207B68012283F84320CF
:105A10007B68012283F844207B68012283F84520BB
:105A20007B68012283F83D20002318460837BD46D5
:105A300080BD80B483B000AF786000BF0C37BD4636
:105A400080BC704780B582B000AF786039607B68F9
:105A5000002B01D1012341E07B6893F83D30DBB29C
:105A6000002B06D17B68002283F83C20786800F088
:105A700039F87B68022283F83D207B681A687B68CE
:105A800004331946104600F045FB7B681B681A6812
:105A90007B681B6822F008021A607B681B68196823
:105AA0007B681B683A680A431A607B68012283F8A6
:105AB00046207B68012283F83E207B68012283F820
:105AC0003F207B68012283F842207B68012283F813
:105AD00043207B68012283F83D20002318460837C5
:105AE000BD4680BD80B483B000AF786000BF0C3786
:105AF000BD4680BC7047000080B584B000AF7860C0
:105B000039607B6893F83E30FB737B6893F83F30D5
:105B1000BB737B6893F842307B737B6893F84330A8
:105B20003B73FB7B012B08D1BB7B012B05D17B7B1E
:105B3000012B02D13B7B012B01D001232BE07B68A1
:105B4000022283F83E207B68022283F83F207B6894
:105B5000022283F842207B68022283F843207B687C
:105B60001B6801220021184600F054FD7B681B6869
:105B700001220421184600F04DFD7B681B68084A8D
:105B8000934207D17B681B685A6C7B681B6842F4A0
:105B900000425A64002318461037BD4680BD00BF3E
:105BA000002C014080B582B000AF78607B681B6834
:105BB0001B6903F00203022B22D17B681B68DB68A0
:105BC00003F00203022B1BD17B681B686FF00202FB
:105BD0001A617B6801221A777B681B689B6903F056
:105BE0000303002B03D0786800F078FA05E07868AA
:105BF00000F06BFA786800F07AFA7B6800221A7776
:105C00007B681B681B6903F00403042B22D17B68AB
:105C10001B68DB6803F00403042B1BD17B681B6843
:105C20006FF004021A617B6802221A777B681B6896
:105C30009B6903F44073002B03D0786800F04EFAA0
:105C400005E0786800F041FA786800F050FA7B6867
:105C500000221A777B681B681B6903F00803082B76
:105C600022D17B681B68DB6803F00803082B1BD17B
:105C70007B681B686FF008021A617B6804221A7740
:105C80007B681B68DB6903F00303002B03D0786893
:105C900000F024FA05E0786800F017FA786800F060
:105CA00026FA7B6800221A777B681B681B6903F061
:105CB0001003102B22D17B681B68DB6803F01003F4
:105CC000102B1BD17B681B686FF010021A617B6878
:105CD00008221A777B681B68DB6903F44073002B8A
:105CE00003D0786800F0FAF905E0786800F0EDF983
:105CF000786800F0FCF97B6800221A777B681B68E3
:105D00001B6903F00103012B0ED17B681B68DB6864
:105D100003F00103012B07D17B681B686FF00102C0
:105D20001A61786800F0C8F97B681B681B6903F08A
:105D30008003802B0ED17B681B68DB6803F0800337
:105D4000802B07D17B681B686FF080021A6178682E
:105D500000F0EBFC7B681B681B6903F04003402BE1
:105D60000ED17B681B68DB6803F04003402B07D132
:105D70007B681B686FF040021A61786800F0C0F918
:105D80007B681B681B6903F02003202B0ED17B6806
:105D90001B68DB6803F02003202B07D17B681B689E
:105DA0006FF020021A61786800F0B6FC00BF083777
:105DB000BD4680BD80B584B000AFF860B9607A6040
:105DC000FB6893F83C30012B01D10223ACE0FB6867
:105DD000012283F83C207B680C2B00F29F8001A2FB
:105DE00052F823F0195E00081D5F00081D5F0008CF
:105DF0001D5F0008595E00081D5F00081D5F000858
:105E00001D5F00089B5E00081D5F00081D5F000805
:105E10001D5F0008DB5E0008FB681B68B968184658
:105E200000F0DAF9FB681B689A69FB681B6842F0AE
:105E300008029A61FB681B689A69FB681B6822F07C
:105E400004029A61FB681B689969BB681A69FB6860
:105E50001B680A439A6162E0FB681B68B9681846D0
:105E600000F020FAFB681B689A69FB681B6842F423
:105E700000629A61FB681B689A69FB681B6822F4E0
:105E800080629A61FB681B689969BB681B691A028A
:105E9000FB681B680A439A6141E0FB681B68B968AC
:105EA000184600F069FAFB681B68DA69FB681B6832
:105EB00042F00802DA61FB681B68DA69FB681B685C
:105EC00022F00402DA61FB681B68D969BB681A69B1
:105ED000FB681B680A43DA6121E0FB681B68B9684C
:105EE000184600F0B3FAFB681B68DA69FB681B68A8
:105EF00042F40062DA61FB681B68DA69FB681B68C0
:105F000022F48062DA61FB681B68D969BB681B698F
:105F10001A02FB681B680A43DA6100E000BFFB68F5
:105F2000002283F83C20002318461037BD4680BD70
:105F300080B584B000AF786039607B6893F83C30FE
:105F4000012B01D10223B3E07B68012283F83C20BE
:105F50007B68022283F83D207B681B689B68FB609E
:105F6000FB6823F07703FB60FB6823F47F43FB604F
:105F70007B681B68FA689A603B681B68B3F5005F32
:105F80003ED0B3F5005F00F28780B3F5805F00F08C
:105F90008580B3F5805F7FD8702B1AD0702B7BD8AB
:105FA000602B50D0602B77D8502B3CD0502B73D81F
:105FB000402B58D0402B6FD8302B64D0302B6BD86F
:105FC000202B60D0202B67D8002B5CD0102B5AD010
:105FD00062E07B6818683B6899683B685A683B6870
:105FE000DB6800F0F8FA7B681B689B68FB60FB6865
:105FF00043F07703FB607B681B68FA689A604EE0A9
:106000007B6818683B6899683B685A683B68DB683E
:1060100000F0E1FA7B681B689A687B681B6842F4B1
:1060200080429A603BE07B6818683B6859683B682F
:10603000DB681A4600F058FA7B681B685021184646
:1060400000F0AFFA2BE07B6818683B6859683B6842
:10605000DB681A4600F076FA7B681B6860211846F8
:1060600000F09FFA1BE07B6818683B6859683B6842
:10607000DB681A4600F038FA7B681B684021184636
:1060800000F08FFA0BE07B681A683B681B681946C2
:10609000104600F086FA02E000BF00E000BF7B6817
:1060A000012283F83D207B68002283F83C200023F6
:1060B00018461037BD4680BD80B483B000AF78600D
:1060C00000BF0C37BD4680BC704780B483B000AFC2
:1060D000786000BF0C37BD4680BC704780B483B089
:1060E00000AF786000BF0C37BD4680BC704780B4FD
:1060F00083B000AF786000BF0C37BD4680BC7047EE
:1061000080B483B000AF786000BF0C37BD4680BC60
:106110007047000080B485B000AF786039607B685C
:106120001B68FB607B68294A93420BD07B68B3F104
:10613000804F07D07B68264A934203D07B68254A6C
:10614000934208D1FB6823F07003FB603B685B68F7
:10615000FA681343FB607B681C4A93420BD07B6850
:10616000B3F1804F07D07B68194A934203D07B6814
:10617000184A934208D1FB6823F44073FB603B68E4
:10618000DB68FA681343FB60FB6823F080023B681E
:106190005B691343FB607B68FA681A603B689A6826
:1061A0007B68DA623B681A687B689A627B68074A98
:1061B000934203D13B681A697B681A637B680122AA
:1061C0005A6100BF1437BD4680BC7047002C0140A7
:1061D000000400400008004080B487B000AF786041
:1061E00039607B681B6A23F001027B681A627B6856
:1061F0001B6A7B617B685B683B617B689B69FB60BA
:10620000FB6823F07003FB60FB6823F00303FB6073
:106210003B681B68FA681343FB607B6923F0020349
:106220007B613B689B687A6913437B617B681C4A8E
:1062300093420CD17B6923F008037B613B68DB68E8
:106240007A6913437B617B6923F004037B617B687C
:10625000134A934211D13B6923F480733B613B693C
:1062600023F400733B613B685B693A6913433B610C
:106270003B689B693A6913433B617B683A695A60A2
:106280007B68FA689A613B685A687B685A637B68E6
:106290007A691A6200BF1C37BD4680BC704700BFD8
:1062A000002C014080B487B000AF786039607B6813
:1062B0001B6A23F010027B681A627B681B6A7B6191
:1062C0007B685B683B617B689B69FB60FB6823F4D0
:1062D000E043FB60FB6823F44073FB603B681B6892
:1062E0001B02FA681343FB607B6923F020037B6188
:1062F0003B689B681B017A6913437B617B681D4A7D
:1063000093420DD17B6923F080037B613B68DB689E
:106310001B017A6913437B617B6923F040037B6136
:106320007B68144A934213D13B6923F480633B6139
:106330003B6923F400633B613B685B699B003A69FE
:1063400013433B613B689B699B003A6913433B6184
:106350007B683A695A607B68FA689A613B685A6858
:106360007B689A637B687A691A6200BF1C37BD46F6
:1063700080BC7047002C014080B487B000AF7860CB
:1063800039607B681B6A23F480727B681A627B68C1
:106390001B6A7B617B685B683B617B68DB69FB60D8
:1063A000FB6823F07003FB60FB6823F00303FB60D2
:1063B0003B681B68FA681343FB607B6923F4007336
:1063C0007B613B689B681B027A6913437B617B6836
:1063D0001D4A93420DD17B6923F400637B613B68C6
:1063E000DB681B027A6913437B617B6923F480635A
:1063F0007B617B68144A934213D13B6923F4805339
:106400003B613B6923F400533B613B685B691B01C3
:106410003A6913433B613B689B691B013A6913432B
:106420003B617B683A695A607B68FA68DA613B686D
:106430005A687B68DA637B687A691A6200BF1C3726
:10644000BD4680BC704700BF002C014080B487B0BF
:1064500000AF786039607B681B6A23F480527B68E8
:106460001A627B681B6A3B617B685B687B617B6847
:10647000DB69FB60FB6823F4E043FB60FB6823F40B
:106480004073FB603B681B681B02FA681343FB60A8
:106490003B6923F400533B613B689B681B033A69EB
:1064A00013433B617B680F4A934209D17B6923F414
:1064B00080437B613B685B699B017A6913437B6125
:1064C0007B687A695A607B68FA68DA613B685A6867
:1064D0007B681A647B683A691A6200BF1C37BD4644
:1064E00080BC7047002C014080B487B000AFF860DA
:1064F000B9607A60FB681B6A7B61FB681B6A23F0EA
:106500000102FB681A62FB689B693B613B6923F0EF
:10651000F0033B617B681B013A6913433B617B6974
:1065200023F00A037B617A69BB6813437B61FB68D4
:106530003A699A61FB687A691A6200BF1C37BD46E6
:1065400080BC704780B487B000AFF860B9607A60F3
:10655000FB681B6A23F01002FB681A62FB689B69E8
:106560007B61FB681B6A3B617B6923F470437B6141
:106570007B681B037A6913437B613B6923F0A003AB
:106580003B61BB681B013A6913433B61FB687A6955
:106590009A61FB683A691A6200BF1C37BD4680BC2D
:1065A000704780B485B000AF786039607B689B68C5
:1065B000FB60FB6823F07003FB603A68FB681343E1
:1065C00043F00703FB607B68FA689A6000BF1437EA
:1065D000BD4680BC704780B487B000AFF860B9603A
:1065E0007A603B60FB689B687B617B6923F47F4337
:1065F0007B613B681A027B681A43BB6813437A6964
:1066000013437B61FB687A699A6000BF1C37BD4603
:1066100080BC704780B487B000AFF860B9607A6022
:10662000BB6803F01F03012202FA03F37B61FB68DE
:106630001A6A7B69DB431A40FB681A62FB681A6AB4
:10664000BB6803F01F03796801FA03F31A43FB6880
:106650001A6200BF1C37BD4680BC704780B485B04D
:1066600000AF786039607B6893F83C30012B01D132
:10667000022346E07B68012283F83C207B680222EB
:1066800083F83D207B681B685B68FB607B681B6848
:106690009B68BB60FB6823F07003FB603B681B6872
:1066A000FA681343FB607B681B68FA685A607B6872
:1066B0001B68164A93420ED07B681B68B3F1804F6B
:1066C00009D07B681B68124A934204D07B681B6820
:1066D000104A93420CD1BB6823F08003BB603B6837
:1066E0005B68BA681343BB607B681B68BA689A60D2
:1066F0007B68012283F83D207B68002283F83C20E0
:10670000002318461437BD4680BC7047002C01405A
:10671000000400400008004080B483B000AF7860FF
:1067200000BF0C37BD4680BC704780B483B000AF5B
:10673000786000BF0C37BD4680BC704780B582B022
:1067400000AF78607B68002B01D101233FE07B68BC
:1067500093F83D30DBB2002B06D17B68002283F832
:106760003C207868FBF75EFA7B68242283F83D20A2
:106770007B681B68DA687B681B6822F40052DA6069
:10678000786800F025FC7B681B681A697B681B68C9
:1067900022F490421A617B681B685A697B681B6807
:1067A00022F02A025A617B681B68DA687B681B68E2
:1067B00042F40052DA607B6800221A647B6820226F
:1067C00083F83D207B68202283F83E200023184672
:1067D0000837BD4680BD80B58AB002AFF860B960A9
:1067E0003B601346FB8000237B61FB6893F83D30E0
:1067F000DBB2202B7CD1BB68002B02D0FB88002BA6
:1068000001D1012375E0FB6893F83C30012B01D1E5
:1068100002236EE0FB68012283F83C20FB68002223
:106820001A64FB68212283F83D20FBF7E9FF7861B9
:10683000FB68FA889A84FB68FA88DA84FB689B68AC
:10684000B3F5805F08D1FB681B69002B04D10023DE
:10685000FB61BB68BB6103E0BB68FB610023BB61FC
:10686000FB68002283F83C202AE03B6800937B69A8
:1068700000228021F86800F011FA0346002B01D0B5
:10688000032336E0FB69002B0BD1BB691B881A463A
:10689000FB681B68C2F308025A60BB690233BB6124
:1068A00007E0FB691A78FB681B685A60FB690133D3
:1068B000FB61FB68DB8C9BB2013B9AB2FB68DA841C
:1068C000FB68DB8C9BB2002BCFD13B6800937B69CC
:1068D00000224021F86800F0E1F90346002B01D0C6
:1068E000032306E0FB68202283F83D20002300E01C
:1068F000022318462037BD4680BD000080B58AB00F
:1069000000AF78607B681B681B687B627B681B68D4
:10691000DB683B627B681B685B69FB610023BB61D2
:1069200000237B617B6A03F00F03BB61BB69002B13
:106930000DD17B6A03F02003002B08D03B6A03F0E3
:106940002003002B03D0786800F099FA7BE1BB6943
:10695000002B00F0B180FB6903F00103002B05D18F
:106960003B6A03F49073002B00F0A6807B6A03F06F
:106970000103002B0AD03B6A03F48073002B05D07F
:106980007B681B6C43F001027B681A647B6A03F02E
:106990000403002B0AD0FB6903F00103002B05D090
:1069A0007B681B6C43F002027B681A647B6A03F00D
:1069B0000203002B0AD0FB6903F00103002B05D072
:1069C0007B681B6C43F004027B681A647B6A03F0EB
:1069D0000803002B0FD03B6A03F02003002B04D1E7
:1069E000FB6903F00103002B05D07B681B6C43F0AF
:1069F00008027B681A647B681B6C002B00F01E8108
:106A00007B6A03F02003002B07D03B6A03F02003CE
:106A1000002B02D0786800F032FA7B681B685B6953
:106A200003F04003002B14BF01230023DBB27B6182
:106A30007B681B6C03F00803002B02D17B69002BE1
:106A400031D0786800F074F97B681B685B6903F0EB
:106A50004003002B23D07B681B685A697B681B6846
:106A600022F040025A617B689B6B002B13D07B683D
:106A70009B6B764A5A637B689B6B1846FCF736F82B
:106A80000346002B16D07B689B6B5B6B7A68926B1E
:106A9000104698470EE0786800F0ECF80AE0786855
:106AA00000F0E8F806E0786800F0E4F87B6800227F
:106AB0001A64C3E000BFC1E07B681B6B012B40F090
:106AC000A1807B6A03F01003002B00F09B803B6ADF
:106AD00003F01003002B00F095800023FB607B681F
:106AE0001B681B68FB607B681B685B68FB60FB685E
:106AF0007B681B685B6903F04003002B4ED07B680A
:106B00009B6B1B685B683B823B8A002B00F0988084
:106B10007B689B8D3A8A9A4280F092807B683A8AA1
:106B2000DA857B689B6B9B69202B2BD07B681B686D
:106B3000DA687B681B6822F48072DA607B681B6805
:106B40005A697B681B6822F001025A617B681B68E6
:106B50005A697B681B6822F040025A617B682022D8
:106B600083F83E207B6800221A637B681B68DA6822
:106B70007B681B6822F01002DA607B689B6B18460A
:106B8000FBF779FF7B689A8D7B68DB8D9BB2D31A0C
:106B90009BB21946786800F076F851E07B689A8DD0
:106BA0007B68DB8D9BB2D31A7B827B68DB8D9BB2CB
:106BB000002B47D07B8A002B44D07B681B68DA68A7
:106BC0007B681B6822F49072DA607B681B685A69E4
:106BD0007B681B6822F001025A617B68202283F8DF
:106BE0003E207B6800221A637B681B68DA687B683A
:106BF0001B6822F01002DA607B8A1946786800F080
:106C000042F81FE07B6A03F08003002B08D03B6A48
:106C100003F08003002B03D0786800F0C9F812E07D
:106C20007B6A03F04003002B0DD03B6A03F0400366
:106C3000002B08D0786800F00AF904E000BF02E0F9
:106C400000BF00E000BF2837BD4680BD896D000849
:106C500080B483B000AF786000BF0C37BD4680BC05
:106C6000704780B483B000AF786000BF0C37BD467A
:106C700080BC704780B483B000AF786000BF0C3731
:106C8000BD4680BC704780B483B000AF78600B46CF
:106C90007B8000BF0C37BD4680BC704780B584B098
:106CA00000AFF860B9603B601346FB712CE0BB6934
:106CB000B3F1FF3F28D0BB69002B07D0FBF7A0FD45
:106CC00002463B68D31ABA699A421DD2FB681B6818
:106CD000DA68FB681B6822F4D072DA60FB681B6814
:106CE0005A69FB681B6822F001025A61FB68202286
:106CF00083F83D20FB68202283F83E20FB680022B9
:106D000083F83C2003230FE0FB681B681A68BB680C
:106D10001340BA689A420CBF01230023DBB21A4623
:106D2000FB799A42C3D0002318461037BD4680BD78
:106D300080B483B000AF78607B681B68DA687B68DA
:106D40001B6822F49072DA607B681B685A697B6862
:106D50001B6822F001025A617B681B6B012B07D173
:106D60007B681B68DA687B681B6822F01002DA60B7
:106D70007B68202283F83E207B6800221A6300BFD4
:106D80000C37BD4680BC704780B584B000AF7860DA
:106D90007B685B6AFB60FB680022DA85FB68002287
:106DA000DA84F868FFF766FF00BF1037BD4680BD84
:106DB00080B485B000AF78607B6893F83D30DBB27B
:106DC000212B3ED17B689B68B3F5805F14D17B6833
:106DD0001B69002B10D17B681B6AFB60FB681B885A
:106DE0001A467B681B68C2F308025A607B681B6AFC
:106DF0009A1C7B681A6208E07B681B6A591C7A68D7
:106E000011621A787B681B685A607B68DB8C9BB2C6
:106E1000013B9BB27A681946D184002B0FD17B6865
:106E20001B68DA687B681B6822F08002DA607B6886
:106E30001B68DA687B681B6842F04002DA60002356
:106E400000E0022318461437BD4680BC704780B569
:106E500082B000AF78607B681B68DA687B681B686B
:106E600022F04002DA607B68202283F83D207868B7
:106E7000FFF7EEFE002318460837BD4680BD80B5FB
:106E800086B000AF78607B6893F83E30DBB2222B8F
:106E900040F099807B689B68B3F5805F17D17B6871
:106EA0001B69002B13D100237B617B689B6A3B61CC
:106EB0007B681B685B689BB2C3F308039AB23B69AB
:106EC0001A807B689B6A9A1C7B689A6226E07B68C2
:106ED0009B6A7B6100233B617B689B68B3F5805FA5
:106EE00007D07B689B68002B0AD17B681B69002B4D
:106EF00006D17B681B685B68DAB27B691A7008E0B0
:106F00007B681B685B68DBB203F07F03DAB27B69E6
:106F10001A707B689B6A5A1C7B689A627B68DB8D5F
:106F20009BB2013B9BB27A681946D185002B48D1B0
:106F30007B681B68DA687B681B6822F02002DA60D5
:106F40007B681B68DA687B681B6822F48072DA60F1
:106F50007B681B685A697B681B6822F001025A61D2
:106F60007B68202283F83E207B681B6B012B23D19A
:106F70007B6800221A637B681B68DA687B681B6881
:106F800022F01002DA607B681B681B6803F01003B4
:106F9000102B0AD10023FB607B681B681B68FB6019
:106FA0007B681B685B68FB60FB687B689B8D194690
:106FB0007868FFF768FE02E07868FFF752FE00236A
:106FC00002E0002300E0022318461837BD4680BDCA
:106FD00080B584B000AF78607B681B681B6923F4C0
:106FE00040517B68DA687B681B680A431A617B68DA
:106FF0009A687B681B691A437B685B691343BB60B3
:107000007B681B68DB6823F4B05323F00C037A68B9
:107010001268B9680B43D3607B681B685B6923F413
:1070200040717B689A697B681B680A435A617B6878
:107030001B682C4A934203D1FDF768FBF86002E01D
:10704000FDF750FBF860FA6813469B0013449A0062
:107050001A447B685B689B00B2FBF3F3224AA2FBF5
:1070600003235B091901FA6813469B0013449A0035
:107070001A447B685B689B00B2FBF3F21A4BA3FBDC
:1070800002035B09642000FB03F3D31A1B013233B4
:10709000154AA2FB03235B0903F0F0031944FA68C5
:1070A00013469B0013449A001A447B685B689B005C
:1070B000B2FBF3F20C4BA3FB02035B09642000FB61
:1070C00003F3D31A1B013233074AA2FB03235B09E4
:1070D00003F00F027B681B680A449A6000BF1037F8
:1070E000BD4680BD003801401F85EB5180B582B0A0
:1070F00000AF78600B467B807A8841F288337968EC
:107100000348FDF7B9FB00BF0837BD4680BD00BF8F
:107110001004002080B582B000AF78600B467B8001
:107120007A8841F2883379680348FDF7E1FC00BFB3
:107130000837BD4680BD00BF1004002080B500AFF9
:10714000002210210948FBF7E2FE094B66221A7063
:10715000074B99225A7002210548FFF7C7FF012209
:1071600010210248FBF7D3FE00BF80BD000801409C
:10717000C010002080B500AF002210210848FBF7A6
:10718000C6FE084B06221A7001210648FFF7AEFF23
:10719000012210210248FBF7BAFE00BF80BD00BFEC
:1071A00000080140C010002080B500AF002210216F
:1071B0000848FBF7ACFE084B04221A700121064870
:1071C000FFF794FF012210210248FBF7A0FE00BF49
:1071D00080BD00BF00080140C010002080B483B013
:1071E00000AF0346FB7100BF0C37BD4680BC704743
:1071F00080B500AF0120FBF70DFB002210211248E3
:10720000FBF785FE114B05221A7001210F48FFF78D
:107210006DFF01210D48FFF77DFF0C4B1A780C4BD9
:1072200083F820200120FBF7F5FA094B93F8203072
:1072300003F00103002BECD1012210210248FBF7DF
:1072400066FE00BF80BD00BF00080140C0100020E6
:107250007C10002080B500AFFFF7CAFFFFF78AFF60
:10726000002210210B48FBF752FE0B4BC7221A706D
:1072700001210948FFF73AFF012210210548FBF7D9
:1072800046FEFFF7B5FFFFF78FFF0F20FFF7A6FFC2
:1072900000BF80BD00080140C010002080B584B050
:1072A00000AFF860B9607A603B60394B1B881A46C2
:1072B0003B68934202D9364B1B883B607A683B6837
:1072C0001344334A1288934205D9314B1B881A461E
:1072D0007B68D31A3B602E4B1B881A46BB6802FBA7
:1072E00003F37A681344BB60FFF782FF0020FFF7C7
:1072F00075FFFFF73FFF002210212648FBF707FE2E
:10730000254B02221A70224BDB7F002B17D0BB6863
:107310001B0EDAB2204B5A70BB681B0CDAB21E4B44
:107320009A70BB681B0ADAB21B4BDA70BB68DAB220
:10733000194B1A7105211848FFF7D8FE11E0BB68F8
:107340001B0CDAB2144B5A70BB681B0ADAB2124B30
:107350009A70BB68DAB2104BDA7004210E48FFF75E
:10736000C5FE3B689BB21946F868FFF7BFFE0122D5
:1073700010210848FBF7CBFDFFF73AFFFFF714FF9A
:107380000F20FFF72BFF00BF1037BD4680BD00BFA9
:107390007C10002000080140C010002080B582B0A1
:1073A00000AF104B9F221A70002210210E48FBF7ED
:1073B000AEFD01210B48FFF799FE3B1D0321184646
:1073C000FFF7A8FE012210210748FBF7A0FD3B793B
:1073D0001A047B791B021343BA7913431846083702
:1073E000BD4680BDC01000200008014080B584B0BB
:1073F00000AF0346FB71FFF7D1FFF8606420FBF795
:1074000009FAFFF79BFE6420FBF704FAFB79002BD7
:1074100016D04FF48053022250495148FFF7DBF950
:10742000FA685049504801F023F94F48F8F790FEA8
:1074300003469AB24FF480534B494948FFF7CBF9C2
:10744000FB689BB2FB60494B0022DA77FB68A3F52F
:107450008043113B092B70D801A252F823F000BFE2
:107460002B7500081B7500080B750008FB740008DD
:10747000EB740008DB740008CB740008B9740008D2
:10748000A174000889740008384B0122DA77374B61
:107490004FF480625A613649334801F0E9F87DE0E3
:1074A000324B0122DA77314B4FF400725A61314985
:1074B0002D4801F0DDF871E02C4B4FF480725A61D9
:1074C0002D49294801F0D4F868E0284B80225A6100
:1074D0002A49254801F0CCF860E0244B40225A614B
:1074E0002749214801F0C4F858E0204B20225A6176
:1074F00024491D4801F0BCF850E01C4B10225A6191
:107500002149194801F0B4F848E0184B08225A61A3
:107510001E49154801F0ACF840E0144B04225A61B2
:107520001B49114801F0A4F838E0104B02225A61BF
:1075300018490D4801F09CF830E017490A4801F05D
:1075400097F80948F8F704FE03469AB24FF48053BF
:1075500005490348FFF73FF9D6E000BF3C8F00081C
:1075600098050020408F0008A01000207C1000200B
:107570004C8F0008648F00087C8F0008948F0008EF
:10758000AC8F0008C48F0008DC8F0008F48F00085F
:107590000C900008249000083C900008FB79002B18
:1075A0000AD05B48F8F7D4FD03469AB24FF48053F3
:1075B00057495848FFF70FF9574B4FF480721A801C
:1075C000554B4FF480529A60534B5B691B01524AF2
:1075D000D360514BDB68504A926802FB03F34E4A7A
:1075E0001288B3FBF2F34C4A53604B4B9B681B0170
:1075F000494A1361484BDB68474A926802FB03F330
:107600009B0A454A9361FB79002B7DD0424B1B8836
:107610001A4642493E4801F02BF83D48F8F798FDDC
:1076200003469AB24FF4805339493A48FFF7D3F8EA
:10763000394B5B681A463A49354801F019F8344825
:10764000F8F786FD03469AB24FF48053304931482B
:10765000FFF7C1F8304B9B681A4632492C4801F0BD
:1076600007F82B48F8F774FD03469AB24FF480539D
:1076700027492848FFF7AFF8274BDB681A462A4905
:10768000234800F0F5FF2248F8F762FD03469AB25E
:107690004FF480531E491F48FFF79DF81E4B1B698E
:1076A0001A4622491A4800F0E3FF1948F8F750FD3E
:1076B00003469AB24FF4805315491648FFF78BF8EA
:1076C000154B5B691A461A49114800F0D1FF104862
:1076D000F8F73EFD03469AB24FF480530C490D482B
:1076E000FFF779F80C4B9B691A461249084800F0DD
:1076F000BFFF0748F8F72CFD03469AB24FF48053BA
:1077000003490448FFF767F81037BD4680BD00BF46
:10771000A0100020980500207C1000205090000848
:10772000689000087C900008E88E0008949000089B
:10773000AC900008C090000880B584B000AFF8603D
:10774000B9607A603B60374B1B881A463B689342AE
:1077500002D9344B1B883B607A683B681344314A3A
:107760001288934205D92F4B1B881A467B68D31A7F
:107770003B602C4B1B881A46BB6802FB03F37A68FC
:107780001344BB60284B0B221A70264BDB7F002B67
:107790001FD0BB681B0EDAB2234B5A70BB681B0CA0
:1077A000DAB2214B9A70BB681B0ADAB21E4BDA7050
:1077B000BB68DAB21C4B1A711B4B00225A710022B3
:1077C00010211A48FBF7A3FB06211748FFF78EFC90
:1077D00019E0BB681B0CDAB2134B5A70BB681B0A6A
:1077E000DAB2114B9A70BB68DAB20F4BDA700E4BFB
:1077F00000221A71002210210C48FBF788FB05219A
:107800000948FFF773FC3B689BB21946F868FFF71D
:1078100081FC012210210548FBF779FB00BF1037DE
:10782000BD4680BD7C100020C01000200008014033
:1078300080B58AB000AF0346FB804FF480512848E2
:10784000FBF74EFB0346002B34D107F1180300224F
:107850001A605A609A60DA604FF48043BB61022379
:10786000FB6100233B6207F1180319461C48FBF734
:10787000B3F91C4B1B78002B0BD01B4B1B78002B38
:1078800007D01A4B1B681A4A1360164B00221A7055
:1078900006E0154B1B78002B02D0154B154A1A60D9
:1078A000134B1968144B1A684FF484731348FDF78F
:1078B000D3FB11E007F1080300221A605A609A60B6
:1078C000DA604FF48043BB600023FB6007F10803DC
:1078D00019460348FBF780F900BF2837BD4680BD35
:1078E000000C0140CB100020CC100020F814002028
:1078F000F0140020FC140020F41400206804002080
:1079000080B485B000AF78600B46FB700023FB604D
:1079100007E0FB687A681344FA781A70FB68013351
:10792000FB60FB68B3F5847FF3DB00BF00BF143757
:10793000BD4680BC7047000080B500AF074B0022F9
:107940001A70064B1B78184600F044F8AA21044828
:10795000FFF7D6FF00F006F800BF80BDCC10002076
:10796000E012002080B582B000AF194BFA221A70E5
:10797000174BAF225A70164B03229A70144BFF22FA
:1079800083F80221124B0D2283F803214FF48271F8
:107990000F4800F0FDFB78607B681B0EDAB20C4BE1
:1079A00083F804217B681B0CDAB2094B83F80521AC
:1079B0007B681B0ADAB2064B83F806217B68DAB2D1
:1079C000034B83F8072100BF0837BD4680BD00BFC9
:1079D000FC14002080B483B000AF0346FB71FB7938
:1079E000002B03D0074B084A1A6005E0074B084AF2
:1079F0001A60044B074A1A6000BF0C37BD4680BCB2
:107A0000704700BFF4140020E8130020F014002099
:107A1000E0120020D010002080B582B000AF786066
:107A20007B681B68114A93421BD1114B1B78002BBA
:107A300003D00F4B00221A700EE00D4B01221A707A
:107A40000C4A0D4B104619464FF484731A4600F049
:107A50000DFD0A4B01221A70054B1B781846FFF7E3
:107A6000B9FF00BF0837BD4680BD00BF00380040E9
:107A7000CC100020D8110020D0100020CA10002007
:107A800080B483B000AF234B1B78BB71224B1B88A3
:107A90009BB27B71214B1A687B799A420AD11F4BAA
:107AA00093F904301A46BB799A4203D11B4B00224A
:107AB0005A712BE0194B1A687B799A4206D1BB792F
:107AC000002B03D1154B00225A711FE0134B1A688B
:107AD0007B799A4201D07F23BB71104B93F904301C
:107AE000B3F1FF3F02D10023FB7106E00B4B93F98A
:107AF00004300133DBB25B00FB71BB795B00DAB2AF
:107B0000FB79D31ADAB2054B5A7100BF0C37BD4668
:107B100080BC70475E1000205C1000201400002024
:107B200080B483B000AF0346FB71044AFB79137045
:107B300000BF0C37BD4680BC704700BF0C1700204B
:107B400080B582B000AF4FF484720021234800F06A
:107B50009BFC224BFA221A70204BAA225A7000F08A
:107B600047F8FFF78DFF1E4B5A791C4B9A701B4B41
:107B7000FF2283F80221194B0B2283F803214FF4D3
:107B80008271164800F004FB78607B681B0EDAB245
:107B9000124B83F804217B681B0CDAB20F4B83F87D
:107BA00005217B681B0ADAB20C4B83F806217B683F
:107BB000DAB20A4B83F807210A4B084A1A600A4BCB
:107BC00001221A704FF47A734FF484720349074804
:107BD000FEF701FE00BF0837BD4680BD0416002039
:107BE00014000020F8140020CB100020980500207D
:107BF00080B582B000AF3B4B5B79002B6ED0012289
:107C000004213948FBF783F9364B1968374B1B8839
:107C100000223748FFF790FD324B93F90430B3F15F
:107C2000FF3F02D10023FB7106E02E4B93F9043095
:107C30000133DBB25B00FB712A4B5A79FB791344A9
:107C4000DBB2013B7B700323BB80FB797B800BE0C5
:107C50007A88BB882649895C264AD1547B880133BF
:107C60007B80BB880133BB807B789BB27A889A4249
:107C7000EED91C4B93F90430B3F1FF3F09D1194BF6
:107C80005B795B08DBB2013BDBB25AB2154B1A7170
:107C90000CE0144B93F90430DAB2124B5B795B08B9
:107CA000DBB21344DBB25AB20E4B1A710D4B93F98F
:107CB00004307E2B13D10B4B1B684FF6FF7293429F
:107CC00003D1084B00221A6004E0064B1B68013305
:107CD000044A1360034BFF221A7100E000BF08370B
:107CE000BD4680BD14000020000801407C1000202B
:107CF0005C0F00200416002080B584B000AF03465E
:107D00000A46FB801346BB804FF484720021214851
:107D100000F0BAFB1F4BFA221A701E4BAF225A70AA
:107D2000FB88DAB21B4B9A70BB88A22B03D11A4B8B
:107D30005A79184BDA70174BFF2283F80221154B42
:107D40000D2283F803214FF48271124800F020FACB
:107D5000F860FB681B0EDAB20E4B83F80421FB6857
:107D60001B0CDAB20B4B83F80521FB681B0ADAB255
:107D7000084B83F80621FB68DAB2064B83F807212B
:107D8000064B044A1A60064B01221A7000BF1037D6
:107D9000BD4680BD0416002014000020F814002009
:107DA000CB10002080B500AF054800F00FF8054B60
:107DB000034A1A60044B01221A7000BF80BD00BF45
:107DC00004160020F8140020CB10002080B584B0E9
:107DD00000AF78607B6801331B78AA2B07D1FFF7CF
:107DE0004FFE7B6802331A4A52791A700BE07B68A7
:107DF00002331B78A22B06D1FFF742FE7B680333C8
:107E0000134A52791A704FF48271786800F0C0F901
:107E1000F860FB681A0E7B6803F58273D2B21A70A1
:107E2000FB681A0C7B6803F20513D2B21A70FB6868
:107E30001A0A7B6803F58373D2B21A707B6803F267
:107E40000713FA68D2B21A7000BF1037BD4680BD62
:107E50001400002080B500AF00F0F0F9BA4B9B7819
:107E60001A46BA49BA4800F003FC4FF47A73082264
:107E7000B749B848FEF7AFFCB749B54800F0F8FB82
:107E8000B64B1B78052B00F27E8101A252F823F03D
:107E9000A97E0008077F0008837F00081180000882
:107EA0009180000819810008A74B9B78FF2B26D0F2
:107EB000FF2B00F35F81A22B02D0A32B1CD059E132
:107EC00000F0E4F90346002B11D0FFF7D9FDA44BD5
:107ED0005B79002B03D00320FFF722FE02E0012094
:107EE000FFF71EFEA2211E20FFF706FF0AE0A221D7
:107EF0000820FFF701FF05E000F040FA02E0FFF77D
:107F000051FF00BF36E1904B9B78FF2B35D0FF2B04
:107F100000F33281A42B26D0A42B00F32D81A22BB9
:107F200002D0A32B1CD027E100F0B0F90346002BB0
:107F300011D0FFF7A5FD8A4B5B79002B03D00320FE
:107F4000FFF7EEFD02E00120FFF7EAFDA2211E206F
:107F5000FFF7D2FE14E0A2210820FFF7CDFE0FE0CC
:107F600000F00CFA0CE0A4210620FFF7C5FE00F09B
:107F700027FA0220FFF7D4FD02E0FFF713FF00BF4E
:107F8000FAE0714B9B78A72B18DCA12BC0F2F6808E
:107F9000A13B062B00F2F28001A252F823F000BFB1
:107FA000C37F0008CF7F0008EF7F00087D810008B5
:107FB0007D8100087D810008F57F0008FF2B23D01C
:107FC000DCE00420FFF7ACFDFFF7BAFD1FE0FFF790
:107FD00057FD634B5B79002B04D0A2210120FFF7F2
:107FE0008BFE14E0A2210220FFF786FE0FE000F0D6
:107FF000C5F90CE000F0F0F9A7210720FFF77CFE9F
:108000000120FFF78DFD02E0FFF7CCFE00BFB5E0D9
:108010004D4B9B78A42B11DCA12BC0F2B180A13B6E
:10802000032B00F2AD8001A252F823F04380000838
:10803000498000086F80000875800008FF2B23D05E
:108040009EE0FFF77DFD22E0FFF71AFD444B5B79D0
:10805000002B04D0A2210120FFF74EFE17E0A22141
:108060000220FFF749FE0120FFF75AFD0FE000F064
:1080700085F90CE0A4210620FFF73EFE00F0A0F9F0
:108080000420FFF74DFD02E0FFF78CFE00BF77E014
:108090002D4B9B78A72B15DCA12B73DBA13B062B6B
:1080A00070D801A252F823F0CB800008D1800008DC
:1080B000F780000885810008858100088581000817
:1080C000FD800008FF2B23D05CE0FFF739FD22E0A4
:1080D000FFF7D6FC224B5B79002B04D0A2210120B4
:1080E000FFF70AFE17E0A2210220FFF705FE02209B
:1080F000FFF716FD0FE000F041F90CE000F06CF91D
:10810000A7210720FFF7F8FD0320FFF709FD02E094
:10811000FFF748FE00BF35E00B4B9B78A22B32D116
:10812000104B1B78002B21D0002204210E48FAF7B7
:10813000EEFEA3210520FFF7DFFD0020FFF7F0FC96
:10814000084B00221A701EE0D8110020D4900008BD
:108150001017002098050020E09000080C17002060
:10816000140000200D17002000080140074B0022DA
:108170001A7008E000BF06E000BF04E000BF02E0A4
:1081800000BF00E000BF00BF80BD00BFCB100020DB
:1081900080B485B000AF78600B467B804FF0FF3332
:1081A000FB600023BB6011E0BB687A6813441B7856
:1081B0001A46FB685340DBB20A4A52F82320FB6898
:1081C0001B0A5340FB60BB680133BB607B88BA6805
:1081D0009A42E9DBFB68DB4318461437BD4680BC96
:1081E000704700BFB891000880B500AF0120FFF7CD
:1081F000FDF8FFF7A1FB00F053F800210648FDF75A
:108200007BFC0120FAF706FB00F008F80020FFF7DE
:1082100087FC00BF80BD00BFC004002080B400AF59
:10822000054B1B681A68044B1B6842F001021A6078
:1082300000BFBD4680BC7047C004002080B400AFC2
:10824000054B1B681A68044B1B6842F001021A6058
:1082500000BFBD4680BC7047C004002080B500AFA1
:108260000520FFF75DFC074B00221A60054BFF223B
:108270001A71044B00225A71034B00221A7000BF7E
:1082800080BD00BF14000020CB10002080B500AFDF
:108290000248FAF748FA0346184680BD0009002054
:1082A00080B500AF1E491F48F9F7CDFD1D48F9F70D
:1082B00056FE1C48FAF772F80323012200211948E0
:1082C000FAF732F801211748F9F728FF032115487A
:1082D000F9F792FF01211348F9F7B1FF0121114885
:1082E000F9F766FF10490F48F9F7CEFF0E490D4820
:1082F000F9F7F2FF03210B48F9F734FF0121094890
:10830000F9F73EFE01210748F9F762FE0121054811
:10831000F9F7A1FE01210348F9F785FE00BF80BDF2
:10832000BC030020000900206666C64080B500AF8F
:108330000548FDF701FB044B1B6800225A62FFF75A
:10834000AFFF00BF80BD00BF5005002080B500AF6B
:1083500001210248F9F7E2FE00BF80BD00090020BC
:1083600080B500AF00210448F9F7D8FE0248FAF7BB
:1083700015F800BF80BD00BF0009002080B500AF28
:1083800000F02AF8FFF76AFF094B00221A70094B28
:1083900000221A80FFF7CAFF012204210648FAF7DB
:1083A000B6FDFEF757FF054B01221A7000BF80BDD6
:1083B0005E1000205C100020000801400D17002016
:1083C00080B500AFFFF7CCFF0248FDF763FA00BFAE
:1083D00080BD00BF5005002080B500AF0548FDF707
:1083E000ABFA044B1B6800225A62FFF7AFFF00BFD5
:1083F00080BD00BF50050020014B1868704700BFCA
:108400001C00002070B500260C4D0D4C641BA41000
:10841000A64209D100F0ACFC00260A4D0A4C641BB0
:10842000A410A64205D170BD55F8043B984701360B
:10843000EEE755F8043B98470136F2E7EC95000863
:10844000EC950008EC950008F0950008024B0146F9
:10845000186800F089B800BF1C000020024B0146DC
:10846000186800F019B800BF1C0000200A449142AF
:1084700000F1FF3300D1704710B511F8014B914264
:1084800003F8014FF9D110BD03460244934200D1D5
:10849000704703F8011BF9E738B50546002940D0BD
:1084A00051F8043C0C1F002BB8BFE41800F000F991
:1084B0001C4A136833B9636014602846BDE838402D
:1084C00000F0FCB8A34208D9206821188B4201BFF4
:1084D00019685B6809182160EDE71A465B680BB103
:1084E000A342FAD911685018A0420BD12068014468
:1084F000501883421160E0D118685B680144116034
:108500005360DAE702D90C232B60D6E720682118E4
:108510008B4201BF19685B68091821606360546071
:10852000CBE738BD3017002070B50E4E0C463168D1
:10853000054611B900F08CF830602146284600F05D
:1085400087F8431C0AD0C41C24F00304A04207D0BF
:10855000211A284600F07CF8013001D14FF0FF3499
:10856000204670BD341700202DE9F041CD1C25F0C8
:10857000030508350C2D38BF0C25002D074601DBFF
:10858000A94205D90C2300263B603046BDE8F081A6
:108590002E4E00F08DF833681C4634BB2946384611
:1085A000FFF7C2FF431C04464DD134682646002E17
:1085B00040D123683146384604EB030800F048F800
:1085C00080453AD1216803356D1A25F00305083539
:1085D0000C2D38BF0C2538462946FFF7A5FF013082
:1085E0002BD023682B4423600EE02268521B1ED43C
:1085F0000B2A16D96119A342256018BF5960636818
:1086000008BF316062514B60384604F10B0600F040
:1086100055F826F00706231DF21AB6D09B1BA3506F
:10862000B3E76268A3420CBF32605A60ECE72346AE
:108630006468B2E734467668B9E70C2338463B6095
:1086400000F03CF8A1E72560DEE700BF301700200E
:1086500038B50023054D044608462B60F9F792FB18
:10866000431C02D12B6803B1236038BD38170020AA
:108670000EB46FF0004100B59CB01DAB02900690A7
:10868000079104910848094953F8042B05910068A3
:1086900002A9019300F074F80022029B1A701CB02A
:1086A0005DF804EB03B070471C0000200802FFFFD8
:1086B000014800F0FBBA00BF3C170020014800F061
:1086C000F6BA00BF3C1700202DE9F0478E688246BD
:1086D0009E420C4690461F4638D88A8912F4906F05
:1086E00032D0256809690133A5EB010965694B445E
:1086F00005EB450505EBD5756D109D4238BF1D4650
:10870000530531D52946FFF72FFF064650B90C23F4
:108710004FF0FF30CAF80030A38943F04003A38133
:10872000BDE8F0874A462169FFF7A0FEA38923F43C
:10873000906343F08003A38126614E4426603E4649
:108740006561A5EB0905A560BE4200D93E463246EB
:108750004146206800F0BAFAA36800209B1BA36082
:10876000236833442360DBE72A4600F0C9FA064653
:108770000028E1D150462169FFF78EFEC7E70000CF
:108780002DE9F04F98468B8907461B060D46144687
:108790009DB00ED50B6963B94021FFF7E5FE286057
:1087A000286120B90C233B604FF0FF30D1E040231B
:1087B0006B610023099320238DF8293030234FF07B
:1087C0000109CDF80C80DFF8A4818DF82A3023460A
:1087D0009A4613F8012B0AB1252AF9D1BAEB040BFA
:1087E0000BD05B46224629463846FFF76DFF013025
:1087F00000F0AA80099A5A4409929AF80030002B96
:1088000000F0A28000234FF0FF32CDE905230AF1EA
:10881000010A049307938DF853301A9354460522A6
:1088200014F8011B514800F043FA049AD8B9D00655
:1088300044BF20238DF85330110744BF2B238DF8FC
:1088400053309AF800302A2B15D0544600204FF0B0
:108850000A0C079A214611F8013B303B092B4ED9EF
:10886000B0B1079214E0A0EB080309FA03F3134335
:10887000A2460493D2E7039B191D1B680391002BAA
:10888000BBBF5B4242F0020207930793B8BF04925A
:1088900023782E2B0CD163782A2B35D1039B0234FD
:1088A0001A1D1B680392002BB8BF4FF0FF330593CE
:1088B000DFF8BCA003225046217800F0F9F940B15E
:1088C0004023A0EB0A0003FA00F0049B01340343A9
:1088D000049314F8011B062226488DF8281000F096
:1088E000E7F9002838D0244B1BBB039B073323F048
:1088F000070308330393099B3344099367E70C4646
:1089000001200CFB0232A5E700234FF00A0C1946A8
:1089100001340593204610F8012B303A092A03D977
:10892000002BC5D00591C3E7044601230CFB0121B0
:10893000F0E703AB00932A463846104B04A9AFF387
:108940000080421C0646D6D1AB895B063FF52CAFB2
:1089500009981DB0BDE8F08F03AB00932A46384656
:10896000064B04A900F07CF8EBE700BFB8950008BF
:10897000BE950008C295000800000000C9860008E6
:108980002DE9F047164699468A680B6907469342D7
:10899000B8BF1346336091F843200C46DDF82080C1
:1089A0000AB1013333602368990642BF336802334A
:1089B0003360256815F0060506D104F1190AE3684D
:1089C00032689B1AAB4228DC94F84320131E2268BD
:1089D00018BF012392062DD44946384604F14302BC
:1089E000C047013020D02368E56803F00603042B5C
:1089F00018BF002532684FF00006A36808BFAD1A03
:108A0000226908BF25EAE5759342C4BF9B1AED1899
:108A10001A34B5421AD1002008E0012352464946D3
:108A20003846C047013003D14FF0FF30BDE8F08732
:108A30000135C4E73020E11881F843005A1C94F84E
:108A400045102244023382F84310C5E70123224631
:108A500049463846C0470130E6D00136D9E7000024
:108A60002DE9FF470F7E9146782F80460C469A46A7
:108A70000C9D01F1430207D8622F0AD8002F00F0A5
:108A8000D980582F00F0A48004F1420584F8427088
:108A90003AE0A7F16303152BF6D801A151F823F0B2
:108AA000F98A00080D8B0008898A0008898A000865
:108AB000898A0008898A00080D8B0008898A0008C5
:108AC000898A0008898A0008898A00081B8C0008A6
:108AD0003D8B0008FD8B0008898A0008898A000800
:108AE0003D8C0008898A00083D8B0008898A0008AF
:108AF000898A0008058C00082B681A1D1B682A60EB
:108B000004F1420584F842300123A4E0206829687A
:108B1000060601F104030AD50E682B60002E03DA65
:108B20002D23764284F843300A235E4819E00E680C
:108B300010F0400F2B6018BF36B2EFE72B682068AB
:108B4000191D2960010601D51E6802E04606FBD505
:108B50001E886F2F0CBF08230A235248002184F877
:108B600043106568002DA8BF2168A560A4BF21F04F
:108B7000040121600EB9002D4DD01546B6FBF3F16E
:108B800003FB1167C75D05F8017D3746BB420E4602
:108B9000F4D9082B0BD12368DE0708D52369616857
:108BA0009942DEBF302305F8013C05F1FF35521B29
:108BB00022614B4621464046CDF800A003AAFFF7AC
:108BC000DFFE01304CD14FF0FF3004B0BDE8F0873C
:108BD000344881F845702968236851F8046B29608E
:108BE0001D0614D5DF0744BF43F0200323601EB9E0
:108BF000236823F0200323601023AFE7236843F0AA
:108C0000200323607823284884F84530E3E7590699
:108C100048BFB6B2E6E71546BBE72B682668181DC5
:108C20006169286035061B6801D5196002E070068D
:108C3000FBD51980002315462361BAE72B68002174
:108C40001A1D2A601D686268284600F031F808B1D4
:108C5000401B606063682361002384F84330A8E709
:108C60002A46494640462369D0470130ABD02368A5
:108C70009B0713D4E068039B9842B8BF1846A4E74B
:108C80000123324649464046D04701309BD001354A
:108C9000E36803995B1AAB42F2DCEBE7002504F1D1
:108CA0001906F5E7C9950008DA950008704770477E
:108CB000034610B5C9B202449342184601D10020C0
:108CC00003E0047801338C42F6D110BD884210B520
:108CD00001EB020402D98442234607D8431EA14275
:108CE00008D011F8012B03F8012FF8E701460244E0
:108CF0008A4200D110BD13F8014D02F8014DF7E78B
:108D00002DE9F041804614460E4621B91146BDE8D2
:108D1000F041FFF729BC2AB9FFF7BEFB25462846DC
:108D2000BDE8F08100F01BF88442074602D8B4EB9E
:108D3000500F12D821464046FFF716FC0546002882
:108D4000EDD0BC422246314628BF3A46FFF78EFBA3
:108D500031464046FFF7A0FBE1E73546DFE751F833
:108D6000043C181F002BBCBF0B58C01870470000F4
:108D7000F8B500BFF8BC08BC9E467047F8B500BF08
:088D8000F8BC08BC9E467047D8
:108D880002030405060708090A0B0C0D0E0F101044
:108D980049443A307825580A000000007732357186
:108DA800787820436869703A2077323571353132E6
:108DB8000A00000077323571787820436869703A84
:108DC80020773235713235360A0000007732357136
:108DD800787820436869703A2077323571313238B3
:108DE8000A00000077323571787820436869703A54
:108DF800207732357136340A000000007732357139
:108E0800787820436869703A207732357133320AAE
:108E18000000000077323571787820436869703A2D
:108E2800207732357131360A00000000773235710B
:108E3800787820436869703A207732357138300A7B
:108E48000000000077323571787820436869703AFD
:108E5800207732357134300A0000000077323571DE
:108E6800787820436869703A207732357132300A51
:108E78000000000077323571787820436869703ACD
:108E8800207732357131300A0000000077323571B1
:108E9800787820556E6B6E6F776E2049440A000013
:108EA800506167652053697A653A202564204279C4
:108EB8007465730A000000005061676520436F7590
:108EC8006E743A2025750A00536563746F722053D7
:108ED800697A653A2025752042797465730A00001D
:108EE800536563746F7220436F756E743A202575ED
:108EF8000D0A0000426C6F636B2053697A653A2053
:108F080025752042797465730A000000426C6F630E
:108F18006B20436F756E743A2025750A00000000B7
:108F280043617061636974793A202575204B420A60
:108F3800000000000D0A000049443A307825580D19
:108F48000A00000077323571787820436869703AF2
:108F580020773235713531320D0A0000773235719C
:108F6800787820436869703A20773235713235361F
:108F78000D0A000077323571787820436869703AB5
:108F880020773235713132380D0A00007732357169
:108F9800787820436869703A207732357136340D15
:108FA8000A00000077323571787820436869703A92
:108FB800207732357133320D0A000000773235716F
:108FC800787820436869703A207732357131360DE8
:108FD8000A00000077323571787820436869703A62
:108FE800207732357138300D0A000000773235713C
:108FF800787820436869703A207732357134300DBB
:109008000A00000077323571787820436869703A31
:10901800207732357132300D0A0000007732357111
:10902800787820436869703A207732357131300D8D
:109038000A00000077323571787820556E6B6E6FB4
:10904800776E2049440D0A00506167652053697A9C
:10905800653A2025642042797465730D0A00000082
:109068005061676520436F756E743A2025750D0A47
:1090780000000000536563746F722053697A653A83
:109088002025752042797465730D0A00426C6F6360
:109098006B2053697A653A20257520427974657387
:1090A8000D0A0000426C6F636B20436F756E743A53
:1090B8002025750D0A0000004361706163697479A9
:1090C8003A202575204B420D0A000000434D443AD2
:1090D8002025580D0A0000002E200D0A000000006F
:1090E8005F5F5F606060616161616162626262626C
:1090F8006363636363636363646464646464646430
:10910800646464646464646464646464636363631B
:10911800636363636262626262626161616160602B
:1091280060605F5F5F5E5E5E5D5D5D5C5C5C5B5B5F
:109138005A5A5959595858575756565555545453B9
:109148005252515150504F4E4E4D4C4C4B4A4A4939
:109158004848474645454443424241403F3E3E3DDC
:109168003C3B3A39383837363534333231302F2EA4
:109178002D2C2B2A2928272625242322211F1E1D92
:109188001C1B1A19171615141311100F0E0C0B0AA5
:1091980009070605030201000000000000000000A6
:1091A8000102030406070809000000000102030485
:1091B80000000000963007772C610EEEBA5109992D
:1091C80019C46D078FF46A7035A563E9A395649E89
:1091D8003288DB0EA4B8DC791EE9D5E088D9D297AD
:1091E8002B4CB609BD7CB17E072DB8E7911DBF9009
:1091F8006410B71DF220B06A4871B9F3DE41BE842D
:109208007DD4DA1AEBE4DD6D51B5D4F4C785D38388
:1092180056986C13C0A86B647AF962FDECC9658A2C
:109228004F5C0114D96C0663633D0FFAF50D088D88
:10923800C8206E3B5E10694CE44160D5727167A22C
:10924800D1E4033C47D4044BFD850DD26BB50AA588
:10925800FAA8B5356C98B242D6C9BBDB40F9BCACAC
:10926800E36CD832755CDF45CF0DD6DC593DD1AB08
:10927800AC30D9263A00DE518051D7C81661D0BF2C
:10928800B5F4B42123C4B3569995BACF0FA5BDB888
:109298009EB802280888055FB2D90CC624E90BB12C
:1092A800877C6F2F114C6858AB1D61C13D2D66B688
:1092B8009041DC760671DB01BC20D2982A10D5EFEC
:1092C8008985B1711FB5B606A5E4BF9F33D4B8E848
:1092D800A2C9077834F9000F8EA8099618980EE1EC
:1092E800BB0D6A7F2D3D6D08976C6491015C63E648
:1092F800F4516B6B62616C1CD83065854E0062F26C
:10930800ED95066C7BA5011BC1F4088257C40FF5C7
:10931800C6D9B06550E9B712EAB8BE8B7C88B9FCEB
:10932800DF1DDD62492DDA15F37CD38C654CD4FB47
:109338005861B24DCE51B53A7400BCA3E230BBD4EB
:1093480041A5DF4AD795D83D6DC4D1A4FBF4D6D347
:109358006AE96943FCD96E34468867ADD0B860DAEB
:10936800732D0444E51D03335F4C0AAAC97C0DDD47
:109378003C710550AA41022710100BBE86200CC96B
:1093880025B56857B3856F2009D466B99FE461CEC7
:109398000EF9DE5E98C9D9292298D0B0B4A8D7C7EB
:1093A800173DB359810DB42E3B5CBDB7AD6CBAC047
:1093B8002083B8EDB6B3BF9A0CE2B6039AD2B17463
:1093C8003947D5EAAF77D29D1526DB048316DC73BF
:1093D800120B63E3843B64943E6A6D0DA85A6A7A63
:1093E8000BCF0EE49DFF099327AE000AB19E077DBF
:1093F80044930FF0D2A3088768F2011EFEC20669E3
:109408005D5762F7CB67658071366C19E7066B6E3E
:10941800761BD4FEE02BD3895A7ADA10CC4ADD6762
:109428006FDFB9F9F9EFBE8E43BEB717D58EB060BE
:10943800E8A3D6D67E93D1A1C4C2D83852F2DF4F62
:10944800F167BBD16757BCA6DD06B53F4B36B248BE
:10945800DA2B0DD84C1B0AAFF64A0336607A044162
:10946800C3EF60DF55DF67A8EF8E6E3179BE6946BE
:109478008CB361CB1A8366BCA0D26F2536E26852E2
:1094880095770CCC03470BBBB91602222F2605553E
:10949800BE3BBAC5280BBDB2925AB42B046AB35C62
:1094A800A7FFD7C231CFD0B58B9ED92C1DAEDE5BBE
:1094B800B0C2649B26F263EC9CA36A750A936D02A2
:1094C800A906099C3F360EEB8567077213570005FE
:1094D800824ABF95147AB8E2AE2BB17B381BB60C22
:1094E8009B8ED2920DBED5E5B7EFDC7C21DFDB0B7E
:1094F800D4D2D38642E2D4F1F8B3DD686E83DA1FA2
:10950800CD16BE815B26B9F6E177B06F7747B718FD
:10951800E65A0888706A0FFFCA3B06665C0B0111A1
:10952800FF9E658F69AE62F8D3FF6B6145CF6C16FD
:1095380078E20AA0EED20DD75483044EC2B30339A1
:10954800612667A7F71660D04D476949DB776E3EFD
:109558004A6AD1AEDC5AD6D9660BDF40F03BD83721
:1095680053AEBCA9C59EBBDE7FCFB247E9FFB5307D
:109578001CF2BDBD8AC2BACA3093B353A6A3B424A1
:109588000536D0BA9306D7CD2957DE54BF67D923FD
:109598002E7A66B3B84A61C4021B685D942B6F2AA1
:1095A80037BE0BB4A18E0CC31BDF055A8DEF022DFD
:1095B800232D302B2000686C4C00656667454647B4
:1095C8000030313233343536373839414243444537
:1095D80046003031323334353637383961626364A6
:0495E80065660000B4
:0495EC00350100083D
:0495F000110100085D
:1095F40001000000640000000024F40010000000DA
:109604000100000000000000FF0000002000002016
:109614000000000000000000000000000000000046
:109624000000000000000000000000000000000036
:109634000000000000000000000000000000000026
:109644000000000000000000000000000000000016
:109654000000000000000000000000000000000006
:1096640000000000000000000000000000000000F6
:0400000508001DFDD5
:00000001FF
